Unit,Location,Year,Count
NR,AL,2009,
NR,AL,2009,
NR,AL,2009,
NR,AL,2009,
NR,AT,2009,282777
NR,AT,2009,1602958
NR,AT,2009,1680135
NR,AT,2009,559462
NR,AT,2009,1204795
NR,AT,2009,1408619
NR,AT,2009,526699
NR,AT,2009,702502
NR,AT,2009,367056
NR,BE,2009,1068532
NR,BE,2009,1731174
NR,BE,2009,833160
NR,BE,2009,1420415
NR,BE,2009,1068838
NR,BE,2009,1155290
NR,BE,2009,375645
NR,BE,2009,1304436
NR,BE,2009,1060035
NR,BE,2009,266950
NR,BE,2009,468605
NR,BG,2009,881573
NR,BG,2009,884857
NR,BG,2009,976062
NR,BG,2009,1094253
NR,BG,2009,2129855
NR,BG,2009,1500519
NR,CH,2009,1437592
NR,CH,2009,1730412
NR,CH,2009,1049518
NR,CH,2009,1332727
NR,CH,2009,1085698
NR,CH,2009,733173
NR,CH,2009,332736
NR,CY,2009,796930
NR,CZ,2009,1214300
NR,CZ,2009,1230405
NR,CZ,2009,1202477
NR,CZ,2009,1134887
NR,CZ,2009,1503865
NR,CZ,2009,1666778
NR,CZ,2009,1230437
NR,CZ,2009,1242634
NR,DE,2009,4006313
NR,DE,2009,2740164
NR,DE,2009,2195681
NR,DE,2009,1807348
NR,DE,2009,4335137
NR,DE,2009,1191910
NR,DE,2009,1083780
NR,DE,2009,1082516
NR,DE,2009,1712405
NR,DE,2009,1327497
NR,DE,2009,1786483
NR,DE,2009,3431675
NR,DE,2009,2522493
NR,DE,2009,661866
NR,DE,2009,1772100
NR,DE,2009,3784767
NR,DE,2009,1048683
NR,DE,2009,1231503
NR,DE,2009,1664356
NR,DE,2009,1623649
NR,DE,2009,2149181
NR,DE,2009,1696643
NR,DE,2009,2477771
NR,DE,2009,5191042
NR,DE,2009,4386271
NR,DE,2009,2605365
NR,DE,2009,2050638
NR,DE,2009,3699748
NR,DE,2009,1499457
NR,DE,2009,515322
NR,DE,2009,2013572
NR,DE,2009,1030324
NR,DE,2009,1638111
NR,DE,2009,
NR,DE,2009,
NR,DE,2009,2381872
NR,DE,2009,2834260
NR,DE,2009,2267763
NR,DK,2009,1662285
NR,DK,2009,821252
NR,DK,2009,1199667
NR,DK,2009,1247732
NR,DK,2009,580515
NR,EE,2009,1335740
NR,EL,2009,3999457
NR,EL,2009,199517
NR,EL,2009,331815
NR,EL,2009,618317
NR,EL,2009,608639
NR,EL,2009,1913980
NR,EL,2009,286672
NR,EL,2009,345167
NR,EL,2009,745569
NR,EL,2009,208161
NR,EL,2009,692990
NR,EL,2009,557291
NR,EL,2009,587170
NR,ES,2009,2767469
NR,ES,2009,1076276
NR,ES,2009,584657
NR,ES,2009,2174077
NR,ES,2009,627286
NR,ES,2009,319788
NR,ES,2009,1342788
NR,ES,2009,6327559
NR,ES,2009,2549172
NR,ES,2009,2066428
NR,ES,2009,1094693
NR,ES,2009,7427092
NR,ES,2009,4981284
NR,ES,2009,1070167
NR,ES,2009,8212968
NR,ES,2009,1441787
NR,ES,2009,76927
NR,ES,2009,73365
NR,ES,2009,2025490
NR,FI,2009,1349600
NR,FI,2009,1501511
NR,FI,2009,1151466
NR,FI,2009,1296281
NR,FI,2009,27456
NR,FR,2009,11728240
NR,FR,2009,2538590
NR,FR,2009,1642440
NR,FR,2009,1168208
NR,FR,2009,1470880
NR,FR,2009,1832942
NR,FR,2009,4033197
NR,FR,2009,1911157
NR,FR,2009,1843053
NR,FR,2009,1337953
NR,FR,2009,2350112
NR,FR,2009,3539048
NR,FR,2009,3175064
NR,FR,2009,3206137
NR,FR,2009,741785
NR,FR,2009,1760575
NR,FR,2009,2610890
NR,FR,2009,2862707
NR,FR,2009,1343964
NR,FR,2009,6174040
NR,FR,2009,4889053
NR,FR,2009,305674
NR,FR,2009,
NR,FR,2009,
NR,FR,2009,396404
NR,FR,2009,224469
NR,FR,2009,816364
NR,FR,2009,
NR,HR,2009,1415015
NR,HR,2009,2894781
NR,HU,2009,1712210
NR,HU,2009,1213290
NR,HU,2009,1103132
NR,HU,2009,998187
NR,HU,2009,952982
NR,HU,2009,1223238
NR,HU,2009,1502409
NR,HU,2009,1325527
NR,HU,2009,0
NR,IE,2009,
NR,IE,2009,
NR,IE,2009,
NR,IS,2009,319368
NR,IT,2009,4356322
NR,IT,2009,126369
NR,IT,2009,1577301
NR,IT,2009,9545515
NR,IT,2009,1306029
NR,IT,2009,316955
NR,IT,2009,5750382
NR,IT,2009,4043827
NR,IT,2009,583556
NR,IT,2009,1970780
NR,IT,2009,4990588
NR,IT,2009,1642583
NR,IT,2009,494559
NR,IT,2009,514881
NR,IT,2009,4827619
NR,IT,2009,1221392
NR,IT,2009,4277139
NR,IT,2009,3641389
NR,IT,2009,875261
NR,IT,2009,1536302
NR,IT,2009,5401837
NR,LI,2009,35589
NR,LT,2009,826445
NR,LT,2009,2357411
NR,LU,2009,493500
NR,LV,2009,2162834
NR,ME,2009,617157
NR,MK,2009,2048619
NR,MK,2009,
NR,MT,2009,410926
NR,NL,2009,574092
NR,NL,2009,644811
NR,NL,2009,489918
NR,NL,2009,1125435
NR,NL,2009,1991062
NR,NL,2009,383449
NR,NL,2009,1210869
NR,NL,2009,2646445
NR,NL,2009,3481558
NR,NL,2009,380984
NR,NL,2009,2434560
NR,NL,2009,1122604
NR,NO,2009,1103100
NR,NO,2009,374359
NR,NO,2009,919900
NR,NO,2009,696166
NR,NO,2009,824865
NR,NO,2009,417437
NR,NO,2009,463425
NR,PL,2009,3287136
NR,PL,2009,4645665
NR,PL,2009,3397617
NR,PL,2009,1692957
NR,PL,2009,1008962
NR,PL,2009,2877059
NR,PL,2009,1033040
NR,PL,2009,2067918
NR,PL,2009,1427073
NR,PL,2009,2219512
NR,PL,2009,
NR,PL,2009,
NR,PL,2009,
NR,PL,2009,
NR,PL,2009,
NR,PL,2009,
NR,PL,2009,
NR,PT,2009,3712554
NR,PT,2009,440088
NR,PT,2009,2341807
NR,PT,2009,2792105
NR,PT,2009,764652
NR,PT,2009,246670
NR,PT,2009,265138
NR,RO,2009,2721468
NR,RO,2009,2526062
NR,RO,2009,3717621
NR,RO,2009,2818346
NR,RO,2009,3279786
NR,RO,2009,2253093
NR,RO,2009,2257752
NR,RO,2009,1924488
NR,RS,2009,
NR,RS,2009,
NR,RS,2009,
NR,RS,2009,
NR,SE,2009,1981263
NR,SE,2009,1545587
NR,SE,2009,807871
NR,SE,2009,1367017
NR,SE,2009,1851702
NR,SE,2009,825149
NR,SE,2009,370269
NR,SE,2009,507489
NR,SI,2009,1095836
NR,SI,2009,936526
NR,SK,2009,594966
NR,SK,2009,1845563
NR,SK,2009,1349903
NR,SK,2009,1591969
NR,TR,2009,12697164
NR,TR,2009,1502358
NR,TR,2009,1605067
NR,TR,2009,3795978
NR,TR,2009,2674760
NR,TR,2009,2914110
NR,TR,2009,3442871
NR,TR,2009,3136555
NR,TR,2009,4548939
NR,TR,2009,2200013
NR,TR,2009,2514175
NR,TR,2009,3629227
NR,TR,2009,2907289
NR,TR,2009,1492804
NR,TR,2009,2299704
NR,TR,2009,1020767
NR,TR,2009,737308
NR,TR,2009,2719954
NR,TR,2009,2507387
NR,TR,2009,1061287
NR,TR,2009,1140575
NR,TR,2009,1623891
NR,TR,2009,1994165
NR,TR,2009,2318281
NR,TR,2009,3067052
NR,TR,2009,1965419
NR,UK,2009,1165178
NR,UK,2009,1407170
NR,UK,2009,500823
NR,UK,2009,2630100
NR,UK,2009,1452056
NR,UK,2009,895916
NR,UK,2009,1493563
NR,UK,2009,912723
NR,UK,2009,787264
NR,UK,2009,1319708
NR,UK,2009,2191368
NR,UK,2009,2076533
NR,UK,2009,1676611
NR,UK,2009,703231
NR,UK,2009,1284388
NR,UK,2009,1551138
NR,UK,2009,2676535
NR,UK,2009,2341273
NR,UK,2009,1688942
NR,UK,2009,1699785
NR,UK,2009,1074595
NR,UK,2009,2032253
NR,UK,2009,1689986
NR,UK,2009,1197733
NR,UK,2009,1883357
NR,UK,2009,2221257
NR,UK,2009,2686149
NR,UK,2009,1862903
NR,UK,2009,1688611
NR,UK,2009,2307856
NR,UK,2009,1255012
NR,UK,2009,527976
NR,UK,2009,1125102
NR,UK,2009,1919910
NR,UK,2009,1112230
NR,UK,2009,463461
NR,UK,2009,460799
NR,UK,2009,
NR,UK,2009,
NR,UK,2009,
NR,UK,2009,1786187
NR,AL,2010,
NR,AL,2010,
NR,AL,2010,
NR,AL,2010,
NR,AT,2010,283697
NR,AT,2010,1605897
NR,AT,2010,1689995
NR,AT,2010,557998
NR,AT,2010,1205045
NR,AT,2010,1409253
NR,AT,2010,526730
NR,AT,2010,704662
NR,AT,2010,368366
NR,BE,2010,1089538
NR,BE,2010,1744862
NR,BE,2010,838505
NR,BE,2010,1432326
NR,BE,2010,1076924
NR,BE,2010,1159366
NR,BE,2010,379515
NR,BE,2010,1309880
NR,BE,2010,1067685
NR,BE,2010,269023
NR,BE,2010,472281
NR,BG,2010,865332
NR,BG,2010,873801
NR,BG,2010,971932
NR,BG,2010,1087181
NR,BG,2010,2132634
NR,BG,2010,1490886
NR,CH,2010,1462210
NR,CH,2010,1741923
NR,CH,2010,1060753
NR,CH,2010,1351297
NR,CH,2010,1094202
NR,CH,2010,739701
NR,CH,2010,335720
NR,CY,2010,819140
NR,CZ,2010,1227932
NR,CZ,2010,1247330
NR,CZ,2010,1205834
NR,CZ,2010,1133425
NR,CZ,2010,1506467
NR,CZ,2010,1671993
NR,CZ,2010,1229931
NR,CZ,2010,1239176
NR,DE,2010,4000848
NR,DE,2010,2740503
NR,DE,2010,2196018
NR,DE,2010,1807552
NR,DE,2010,4346465
NR,DE,2010,1189194
NR,DE,2010,1081417
NR,DE,2010,1076400
NR,DE,2010,1710145
NR,DE,2010,1321957
NR,DE,2010,1784753
NR,DE,2010,3442675
NR,DE,2010,2511525
NR,DE,2010,661716
NR,DE,2010,1774224
NR,DE,2010,3792941
NR,DE,2010,1044269
NR,DE,2010,1224741
NR,DE,2010,1651216
NR,DE,2010,1616720
NR,DE,2010,2142440
NR,DE,2010,1693654
NR,DE,2010,2476001
NR,DE,2010,5172839
NR,DE,2010,4383044
NR,DE,2010,2597636
NR,DE,2010,2043212
NR,DE,2010,3676032
NR,DE,2010,1490711
NR,DE,2010,513794
NR,DE,2010,2008170
NR,DE,2010,1022585
NR,DE,2010,1631486
NR,DE,2010,
NR,DE,2010,
NR,DE,2010,2356219
NR,DE,2010,2832027
NR,DE,2010,2249882
NR,DK,2010,1680271
NR,DK,2010,820564
NR,DK,2010,1200277
NR,DK,2010,1253998
NR,DK,2010,579628
NR,EE,2010,1333290
NR,EL,2010,4002871
NR,EL,2010,200179
NR,EL,2010,332652
NR,EL,2010,623113
NR,EL,2010,610112
NR,EL,2010,1921906
NR,EL,2010,286450
NR,EL,2010,345960
NR,EL,2010,746976
NR,EL,2010,208675
NR,EL,2010,692269
NR,EL,2010,559655
NR,EL,2010,588471
NR,ES,2010,2772466
NR,ES,2010,1077102
NR,ES,2010,588512
NR,ES,2010,2179521
NR,ES,2010,633023
NR,ES,2010,319934
NR,ES,2010,1344181
NR,ES,2010,6373546
NR,ES,2010,2547401
NR,ES,2010,2084468
NR,ES,2010,1099610
NR,ES,2010,7463488
NR,ES,2010,4989631
NR,ES,2010,1083679
NR,ES,2010,8276008
NR,ES,2010,1453543
NR,ES,2010,79294
NR,ES,2010,76049
NR,ES,2010,2045163
NR,FI,2010,1355168
NR,FI,2010,1517542
NR,FI,2010,1153839
NR,FI,2010,1297144
NR,FI,2010,27734
NR,FR,2010,11786234
NR,FR,2010,2548065
NR,FR,2010,1642115
NR,FR,2010,1171763
NR,FR,2010,1473494
NR,FR,2010,1836954
NR,FR,2010,4038157
NR,FR,2010,1914844
NR,FR,2010,1845687
NR,FR,2010,1335923
NR,FR,2010,2350920
NR,FR,2010,3571495
NR,FR,2010,3199066
NR,FR,2010,3232352
NR,FR,2010,742771
NR,FR,2010,1770363
NR,FR,2010,2636350
NR,FR,2010,2881756
NR,FR,2010,1347387
NR,FR,2010,6230691
NR,FR,2010,4899155
NR,FR,2010,309693
NR,FR,2010,
NR,FR,2010,
NR,FR,2010,394173
NR,FR,2010,229040
NR,FR,2010,821136
NR,FR,2010,
NR,HR,2010,1415971
NR,HR,2010,2886876
NR,HU,2010,1721556
NR,HU,2010,1229880
NR,HU,2010,1098654
NR,HU,2010,996390
NR,HU,2010,947986
NR,HU,2010,1209142
NR,HU,2010,1492502
NR,HU,2010,1318214
NR,HU,2010,0
NR,IE,2010,
NR,IE,2010,
NR,IE,2010,
NR,IS,2010,317630
NR,IT,2010,4362041
NR,IT,2010,126686
NR,IT,2010,1576443
NR,IT,2010,9600951
NR,IT,2010,1307778
NR,IT,2010,315536
NR,IT,2010,5758375
NR,IT,2010,4048007
NR,IT,2010,581140
NR,IT,2010,1966336
NR,IT,2010,4997429
NR,IT,2010,1641347
NR,IT,2010,498315
NR,IT,2010,518796
NR,IT,2010,4841933
NR,IT,2010,1221569
NR,IT,2010,4306684
NR,IT,2010,3657340
NR,IT,2010,880202
NR,IT,2010,1540272
NR,IT,2010,5442963
NR,LI,2010,35894
NR,LT,2010,824193
NR,LT,2010,2317783
NR,LU,2010,502066
NR,LV,2010,2120504
NR,ME,2010,619001
NR,MK,2010,2052722
NR,MK,2010,
NR,MT,2010,414027
NR,NL,2010,576668
NR,NL,2010,646305
NR,NL,2010,490981
NR,NL,2010,1130345
NR,NL,2010,1998936
NR,NL,2010,387881
NR,NL,2010,1220910
NR,NL,2010,2669084
NR,NL,2010,3505611
NR,NL,2010,381409
NR,NL,2010,2444158
NR,NL,2010,1122701
NR,NO,2010,1123359
NR,NO,2010,375925
NR,NO,2010,928852
NR,NO,2010,706823
NR,NO,2010,835517
NR,NO,2010,422102
NR,NO,2010,465621
NR,PL,2010,3280603
NR,PL,2010,4590630
NR,PL,2010,3410721
NR,PL,2010,1696985
NR,PL,2010,1009605
NR,PL,2010,2876509
NR,PL,2010,975283
NR,PL,2010,2074489
NR,PL,2010,1428496
NR,PL,2010,2234955
NR,PL,2010,
NR,PL,2010,
NR,PL,2010,
NR,PL,2010,
NR,PL,2010,
NR,PL,2010,
NR,PL,2010,
NR,PT,2010,3705980
NR,PT,2010,445824
NR,PT,2010,2337787
NR,PT,2010,2808205
NR,PT,2010,762068
NR,PT,2010,246900
NR,PT,2010,266715
NR,RO,2010,2719719
NR,RO,2010,2524418
NR,RO,2010,3712396
NR,RO,2010,2811218
NR,RO,2010,3267270
NR,RO,2010,2261698
NR,RO,2010,2246033
NR,RO,2010,1919434
NR,RS,2010,
NR,RS,2010,
NR,RS,2010,
NR,RS,2010,
NR,SE,2010,2019182
NR,SE,2010,1558292
NR,SE,2010,810066
NR,SE,2010,1383653
NR,SE,2010,1866283
NR,SE,2010,825931
NR,SE,2010,369708
NR,SE,2010,507567
NR,SI,2010,1099674
NR,SI,2010,947302
NR,SK,2010,597999
NR,SK,2010,1842763
NR,SK,2010,1350286
NR,SK,2010,1599362
NR,TR,2010,12915158
NR,TR,2010,1511952
NR,TR,2010,1617820
NR,TR,2010,3868308
NR,TR,2010,2707898
NR,TR,2010,2940947
NR,TR,2010,3508133
NR,TR,2010,3193210
NR,TR,2010,4650802
NR,TR,2010,2224547
NR,TR,2010,2592075
NR,TR,2010,3703114
NR,TR,2010,2957713
NR,TR,2010,1504789
NR,TR,2010,2326584
NR,TR,2010,1026825
NR,TR,2010,745976
NR,TR,2010,2739487
NR,TR,2010,2526619
NR,TR,2010,1062205
NR,TR,2010,1135856
NR,TR,2010,1626357
NR,TR,2010,2012044
NR,TR,2010,2364249
NR,TR,2010,3128748
NR,TR,2010,1969896
NR,UK,2010,1168781
NR,UK,2010,1412315
NR,UK,2010,500458
NR,UK,2010,2651011
NR,UK,2010,1455120
NR,UK,2010,898513
NR,UK,2010,1498042
NR,UK,2010,914144
NR,UK,2010,791442
NR,UK,2010,1328405
NR,UK,2010,2205139
NR,UK,2010,2090780
NR,UK,2010,1689857
NR,UK,2010,708733
NR,UK,2010,1288952
NR,UK,2010,1558437
NR,UK,2010,2699492
NR,UK,2010,2361712
NR,UK,2010,1706697
NR,UK,2010,1711120
NR,UK,2010,1081014
NR,UK,2010,2076113
NR,UK,2010,1720016
NR,UK,2010,1208538
NR,UK,2010,1916940
NR,UK,2010,2242650
NR,UK,2010,2709001
NR,UK,2010,1877812
NR,UK,2010,1705146
NR,UK,2010,2324183
NR,UK,2010,1261896
NR,UK,2010,530325
NR,UK,2010,1127629
NR,UK,2010,1924712
NR,UK,2010,1119494
NR,UK,2010,468596
NR,UK,2010,463388
NR,UK,2010,
NR,UK,2010,
NR,UK,2010,
NR,UK,2010,1799019
NR,AL,2011,
NR,AL,2011,
NR,AL,2011,
NR,AL,2011,
NR,AT,2011,284581
NR,AT,2011,1609474
NR,AT,2011,1702855
NR,AT,2011,556718
NR,AT,2011,1206611
NR,AT,2011,1410222
NR,AT,2011,527886
NR,AT,2011,707517
NR,AT,2011,369300
NR,BE,2011,1136778
NR,BE,2011,1773267
NR,BE,2011,846851
NR,BE,2011,1448928
NR,BE,2011,1088692
NR,BE,2011,1168002
NR,BE,2011,383648
NR,BE,2011,1319745
NR,BE,2011,1082136
NR,BE,2011,273205
NR,BE,2011,479386
NR,BG,2011,848230
NR,BG,2011,862120
NR,BG,2011,966328
NR,BG,2011,1078597
NR,BG,2011,2133731
NR,BG,2011,1480425
NR,CH,2011,1483680
NR,CH,2011,1755696
NR,CH,2011,1070820
NR,CH,2011,1373068
NR,CH,2011,1103641
NR,CH,2011,749476
NR,CH,2011,333753
NR,CY,2011,839751
NR,CZ,2011,1234037
NR,CZ,2011,1264986
NR,CZ,2011,1207027
NR,CZ,2011,1132252
NR,CZ,2011,1508735
NR,CZ,2011,1675872
NR,CZ,2011,1229117
NR,CZ,2011,1234705
NR,DE,2011,3910637
NR,DE,2011,2663588
NR,DE,2011,2142723
NR,DE,2011,1761557
NR,DE,2011,4313946
NR,DE,2011,1172475
NR,DE,2011,1071424
NR,DE,2011,1065322
NR,DE,2011,1679849
NR,DE,2011,1302144
NR,DE,2011,1778244
NR,DE,2011,3278346
NR,DE,2011,2461242
NR,DE,2011,651467
NR,DE,2011,1705700
NR,DE,2011,3734199
NR,DE,2011,1027159
NR,DE,2011,1208050
NR,DE,2011,1614789
NR,DE,2011,1579623
NR,DE,2011,2093945
NR,DE,2011,1669999
NR,DE,2011,2435261
NR,DE,2011,5081231
NR,DE,2011,4282911
NR,DE,2011,2568358
NR,DE,2011,2031337
NR,DE,2011,3581355
NR,DE,2011,1486160
NR,DE,2011,518554
NR,DE,2011,1989471
NR,DE,2011,1001879
NR,DE,2011,1594568
NR,DE,2011,1505254
NR,DE,2011,966434
NR,DE,2011,2297386
NR,DE,2011,2800134
NR,DE,2011,2195344
NR,DK,2011,1699387
NR,DK,2011,819763
NR,DK,2011,1200656
NR,DK,2011,1260993
NR,DK,2011,579829
NR,EE,2011,1329660
NR,EL,2011,3992912
NR,EL,2011,200831
NR,EL,2011,333983
NR,EL,2011,627144
NR,EL,2011,611573
NR,EL,2011,1925437
NR,EL,2011,285899
NR,EL,2011,346503
NR,EL,2011,747690
NR,EL,2011,209221
NR,EL,2011,690904
NR,EL,2011,561693
NR,EL,2011,589602
NR,ES,2011,2773411
NR,ES,2011,1075869
NR,ES,2011,590867
NR,ES,2011,2183136
NR,ES,2011,637100
NR,ES,2011,320858
NR,ES,2011,1344385
NR,ES,2011,6394252
NR,ES,2011,2545301
NR,ES,2011,2099064
NR,ES,2011,1102299
NR,ES,2011,7493263
NR,ES,2011,4999192
NR,ES,2011,1091664
NR,ES,2011,8332080
NR,ES,2011,1459075
NR,ES,2011,81621
NR,ES,2011,78866
NR,ES,2011,2064871
NR,FI,2011,1360041
NR,FI,2011,1532309
NR,FI,2011,1156791
NR,FI,2011,1298128
NR,FI,2011,28007
NR,FR,2011,11852851
NR,FR,2011,2556835
NR,FR,2011,1642734
NR,FR,2011,1173440
NR,FR,2011,1475684
NR,FR,2011,1839393
NR,FR,2011,4042015
NR,FR,2011,1918155
NR,FR,2011,1852325
NR,FR,2011,1336053
NR,FR,2011,2350657
NR,FR,2011,3601113
NR,FR,2011,3217767
NR,FR,2011,3254233
NR,FR,2011,741072
NR,FR,2011,1777773
NR,FR,2011,2670046
NR,FR,2011,2903420
NR,FR,2011,1350682
NR,FR,2011,6283541
NR,FR,2011,4916069
NR,FR,2011,314486
NR,FR,2011,
NR,FR,2011,
NR,FR,2011,392291
NR,FR,2011,237549
NR,FR,2011,828581
NR,FR,2011,
NR,HR,2011,1413426
NR,HR,2011,2876431
NR,HU,2011,1733685
NR,HU,2011,1237561
NR,HU,2011,1094104
NR,HU,2011,994698
NR,HU,2011,940585
NR,HU,2011,1194697
NR,HU,2011,1481922
NR,HU,2011,1308470
NR,HU,2011,0
NR,IE,2011,
NR,IE,2011,
NR,IE,2011,
NR,IS,2011,318452
NR,IT,2011,4364309
NR,IT,2011,126761
NR,IT,2011,1574132
NR,IT,2011,9663872
NR,IT,2011,1307273
NR,IT,2011,314342
NR,IT,2011,5765850
NR,IT,2011,4053668
NR,IT,2011,579358
NR,IT,2011,1962856
NR,IT,2011,5005657
NR,IT,2011,1641681
NR,IT,2011,501815
NR,IT,2011,522486
NR,IT,2011,4851958
NR,IT,2011,1220849
NR,IT,2011,4331343
NR,IT,2011,3668948
NR,IT,2011,884010
NR,IT,2011,1541950
NR,IT,2011,5481572
NR,LI,2011,36149
NR,LT,2011,811515
NR,LT,2011,2241073
NR,LU,2011,511840
NR,LV,2011,2074605
NR,ME,2011,619850
NR,MK,2011,2057284
NR,MK,2011,
NR,MT,2011,414989
NR,NL,2011,579036
NR,NL,2011,647282
NR,NL,2011,491411
NR,NL,2011,1134465
NR,NL,2011,2004671
NR,NL,2011,391967
NR,NL,2011,1228794
NR,NL,2011,2691477
NR,NL,2011,3528324
NR,NL,2011,381530
NR,NL,2011,2454215
NR,NL,2011,1122627
NR,NO,2011,1144883
NR,NO,2011,377709
NR,NO,2011,938827
NR,NO,2011,718543
NR,NO,2011,845886
NR,NO,2011,426206
NR,NO,2011,468251
NR,PL,2011,3293551
NR,PL,2011,4585758
NR,PL,2011,3422705
NR,PL,2011,1697166
NR,PL,2011,1010700
NR,PL,2011,2878103
NR,PL,2011,972986
NR,PL,2011,2075129
NR,PL,2011,1428620
NR,PL,2011,2245568
NR,PL,2011,
NR,PL,2011,
NR,PL,2011,
NR,PL,2011,
NR,PL,2011,
NR,PL,2011,
NR,PL,2011,
NR,PT,2011,3693585
NR,PT,2011,451304
NR,PT,2011,2331642
NR,PT,2011,2822761
NR,PT,2011,758707
NR,PT,2011,246757
NR,PT,2011,267965
NR,RO,2011,2717532
NR,RO,2011,2522692
NR,RO,2011,3703283
NR,RO,2011,2802532
NR,RO,2011,3253712
NR,RO,2011,2267419
NR,RO,2011,2232814
NR,RO,2011,1913831
NR,RS,2011,
NR,RS,2011,
NR,RS,2011,
NR,RS,2011,
NR,SE,2011,2054343
NR,SE,2011,1569248
NR,SE,2011,811611
NR,SE,2011,1396556
NR,SE,2011,1879781
NR,SE,2011,826820
NR,SE,2011,369316
NR,SE,2011,507895
NR,SI,2011,1098506
NR,SI,2011,951683
NR,SK,2011,599931
NR,SK,2011,1838786
NR,SK,2011,1349286
NR,SK,2011,1604443
NR,TR,2011,13255685
NR,TR,2011,1521328
NR,TR,2011,1642720
NR,TR,2011,3948848
NR,TR,2011,2739188
NR,TR,2011,3005558
NR,TR,2011,3595460
NR,TR,2011,3246147
NR,TR,2011,4771716
NR,TR,2011,2246478
NR,TR,2011,2685499
NR,TR,2011,3733124
NR,TR,2011,3004608
NR,TR,2011,1496296
NR,TR,2011,2352971
NR,TR,2011,1035071
NR,TR,2011,743029
NR,TR,2011,2740686
NR,TR,2011,2516167
NR,TR,2011,1068446
NR,TR,2011,1133660
NR,TR,2011,1625158
NR,TR,2011,2022373
NR,TR,2011,2414833
NR,TR,2011,3192329
NR,TR,2011,1985610
NR,UK,2011,1173646
NR,UK,2011,1417980
NR,UK,2011,499952
NR,UK,2011,2673791
NR,UK,2011,1459318
NR,UK,2011,901375
NR,UK,2011,1503567
NR,UK,2011,916612
NR,UK,2011,796538
NR,UK,2011,1338373
NR,UK,2011,2220015
NR,UK,2011,2104311
NR,UK,2011,1704627
NR,UK,2011,713322
NR,UK,2011,1293901
NR,UK,2011,1567473
NR,UK,2011,2725810
NR,UK,2011,2385006
NR,UK,2011,1726575
NR,UK,2011,1723421
NR,UK,2011,1089392
NR,UK,2011,2121080
NR,UK,2011,1752126
NR,UK,2011,1220637
NR,UK,2011,1950290
NR,UK,2011,2264895
NR,UK,2011,2733391
NR,UK,2011,1894162
NR,UK,2011,1723082
NR,UK,2011,2342716
NR,UK,2011,1271821
NR,UK,2011,534024
NR,UK,2011,1132530
NR,UK,2011,1930295
NR,UK,2011,1126355
NR,UK,2011,473634
NR,UK,2011,465794
NR,UK,2011,
NR,UK,2011,
NR,UK,2011,
NR,UK,2011,1809539
NR,AL,2012,
NR,AL,2012,
NR,AL,2012,
NR,AL,2012,
NR,AT,2012,285782
NR,AT,2012,1614455
NR,AT,2012,1717084
NR,AT,2012,556027
NR,AT,2012,1208696
NR,AT,2012,1413866
NR,AT,2012,529704
NR,AT,2012,711581
NR,AT,2012,370926
NR,BE,2012,1151317
NR,BE,2012,1787490
NR,BE,2012,851558
NR,BE,2012,1457428
NR,BE,2012,1096284
NR,BE,2012,1172795
NR,BE,2012,386683
NR,BE,2012,1325819
NR,BE,2012,1088074
NR,BE,2012,275713
NR,BE,2012,482728
NR,BG,2012,836601
NR,BG,2012,853468
NR,BG,2012,961965
NR,BG,2012,1072850
NR,BG,2012,2131233
NR,BG,2012,1471107
NR,CH,2012,1503500
NR,CH,2012,1770429
NR,CH,2012,1079913
NR,CH,2012,1392396
NR,CH,2012,1113929
NR,CH,2012,757552
NR,CH,2012,336943
NR,CY,2012,862011
NR,CZ,2012,1241664
NR,CZ,2012,1279345
NR,CZ,2012,1207847
NR,CZ,2012,1131191
NR,CZ,2012,1508867
NR,CZ,2012,1678250
NR,CZ,2012,1227668
NR,CZ,2012,1230613
NR,DE,2012,3924922
NR,DE,2012,2671524
NR,DE,2012,2150906
NR,DE,2012,1765089
NR,DE,2012,4363176
NR,DE,2012,1175923
NR,DE,2012,1072091
NR,DE,2012,1061573
NR,DE,2012,1688414
NR,DE,2012,1299076
NR,DE,2012,1783119
NR,DE,2012,3326002
NR,DE,2012,2453180
NR,DE,2012,652182
NR,DE,2012,1718187
NR,DE,2012,3763611
NR,DE,2012,1025525
NR,DE,2012,1204635
NR,DE,2012,1606899
NR,DE,2012,1575968
NR,DE,2012,2093431
NR,DE,2012,1667127
NR,DE,2012,2437727
NR,DE,2012,5077103
NR,DE,2012,4299064
NR,DE,2012,2572221
NR,DE,2012,2027126
NR,DE,2012,3569424
NR,DE,2012,1480166
NR,DE,2012,518370
NR,DE,2012,1991497
NR,DE,2012,997855
NR,DE,2012,1591710
NR,DE,2012,1491442
NR,DE,2012,971030
NR,DE,2012,2276736
NR,DE,2012,2802266
NR,DE,2012,2181603
NR,DK,2012,1714589
NR,DK,2012,817907
NR,DK,2012,1201342
NR,DK,2012,1266682
NR,DK,2012,579996
NR,EE,2012,1325217
NR,EL,2012,3963887
NR,EL,2012,200591
NR,EL,2012,334780
NR,EL,2012,629367
NR,EL,2012,612074
NR,EL,2012,1922590
NR,EL,2012,284061
NR,EL,2012,345437
NR,EL,2012,745839
NR,EL,2012,209131
NR,EL,2012,687935
NR,EL,2012,561670
NR,EL,2012,589044
NR,ES,2012,2771916
NR,ES,2012,1074308
NR,ES,2012,592383
NR,ES,2012,2184696
NR,ES,2012,640014
NR,ES,2012,320951
NR,ES,2012,1343807
NR,ES,2012,6425522
NR,ES,2012,2537685
NR,ES,2012,2105935
NR,ES,2012,1104336
NR,ES,2012,7514991
NR,ES,2012,5009650
NR,ES,2012,1100715
NR,ES,2012,8377810
NR,ES,2012,1461925
NR,ES,2012,83845
NR,ES,2012,81792
NR,ES,2012,2085938
NR,FI,2012,1365259
NR,FI,2012,1549058
NR,FI,2012,1159039
NR,FI,2012,1299557
NR,FI,2012,28354
NR,FR,2012,11898502
NR,FR,2012,2563586
NR,FR,2012,1641130
NR,FR,2012,1175684
NR,FR,2012,1477209
NR,FR,2012,1845547
NR,FR,2012,4050756
NR,FR,2012,1922342
NR,FR,2012,1859869
NR,FR,2012,1339270
NR,FR,2012,2349816
NR,FR,2012,3632614
NR,FR,2012,3237097
NR,FR,2012,3285970
NR,FR,2012,738633
NR,FR,2012,1783991
NR,FR,2012,2700266
NR,FR,2012,2926592
NR,FR,2012,1354104
NR,FR,2012,6341160
NR,FR,2012,4935576
NR,FR,2012,316257
NR,FR,2012,
NR,FR,2012,
NR,FR,2012,388364
NR,FR,2012,239648
NR,FR,2012,833944
NR,FR,2012,
NR,HR,2012,1410551
NR,HR,2012,2865433
NR,HU,2012,1727495
NR,HU,2012,1213323
NR,HU,2012,1079589
NR,HU,2012,984399
NR,HU,2012,931215
NR,HU,2012,1200831
NR,HU,2012,1498795
NR,HU,2012,1296278
NR,HU,2012,0
NR,IE,2012,832082
NR,IE,2012,1547097
NR,IE,2012,2210108
NR,IS,2012,319575
NR,IT,2012,4357663
NR,IT,2012,126620
NR,IT,2012,1567339
NR,IT,2012,9700881
NR,IT,2012,1306416
NR,IT,2012,313145
NR,IT,2012,5764424
NR,IT,2012,4050072
NR,IT,2012,577562
NR,IT,2012,1958418
NR,IT,2012,4999854
NR,IT,2012,1637846
NR,IT,2012,504708
NR,IT,2012,524877
NR,IT,2012,4853657
NR,IT,2012,1217780
NR,IT,2012,4341240
NR,IT,2012,3667780
NR,IT,2012,883215
NR,IT,2012,1540688
NR,IT,2012,5500022
NR,LI,2012,36475
NR,LT,2012,805915
NR,LT,2012,2197726
NR,LU,2012,524853
NR,LV,2012,2044813
NR,ME,2012,620308
NR,MK,2012,2059794
NR,MK,2012,
NR,MT,2012,417546
NR,NL,2012,580875
NR,NL,2012,647214
NR,NL,2012,490807
NR,NL,2012,1137668
NR,NL,2012,2010745
NR,NL,2012,395525
NR,NL,2012,1237117
NR,NL,2012,2709822
NR,NL,2012,3552407
NR,NL,2012,381407
NR,NL,2012,2463686
NR,NL,2012,1123075
NR,NO,2012,1169539
NR,NO,2012,379938
NR,NO,2012,949963
NR,NO,2012,728934
NR,NO,2012,855399
NR,NO,2012,431340
NR,NO,2012,470757
NR,PL,2012,3303061
NR,PL,2012,4576485
NR,PL,2012,3430702
NR,PL,2012,1695822
NR,PL,2012,1010421
NR,PL,2012,2876855
NR,PL,2012,969541
NR,PL,2012,2074398
NR,PL,2012,1427162
NR,PL,2012,2253048
NR,PL,2012,
NR,PL,2012,
NR,PL,2012,
NR,PL,2012,
NR,PL,2012,
NR,PL,2012,
NR,PL,2012,
NR,PT,2012,3687224
NR,PT,2012,446140
NR,PT,2012,2316169
NR,PT,2012,2827050
NR,PT,2012,754385
NR,PT,2012,247194
NR,PT,2012,264236
NR,RO,2012,2598877
NR,RO,2012,2360578
NR,RO,2012,3294204
NR,RO,2012,2538949
NR,RO,2012,3128799
NR,RO,2012,2279145
NR,RO,2012,2067357
NR,RO,2012,1828087
NR,RS,2012,
NR,RS,2012,
NR,RS,2012,
NR,RS,2012,
NR,SE,2012,2091473
NR,SE,2012,1578097
NR,SE,2012,812948
NR,SE,2012,1405912
NR,SE,2012,1892328
NR,SE,2012,825431
NR,SE,2012,368454
NR,SE,2012,508212
NR,SI,2012,1099196
NR,SI,2012,956300
NR,SK,2012,606537
NR,SK,2012,1839259
NR,SK,2012,1349729
NR,SK,2012,1608797
NR,TR,2012,13624240
NR,TR,2012,1569388
NR,TR,2012,1640759
NR,TR,2012,3965232
NR,TR,2012,2779765
NR,TR,2012,2942695
NR,TR,2012,3637222
NR,TR,2012,3315463
NR,TR,2012,4890893
NR,TR,2012,2272560
NR,TR,2012,2705254
NR,TR,2012,3776744
NR,TR,2012,3013790
NR,TR,2012,1495630
NR,TR,2012,2348101
NR,TR,2012,1019425
NR,TR,2012,739997
NR,TR,2012,2717685
NR,TR,2012,2513021
NR,TR,2012,1072848
NR,TR,2012,1157546
NR,TR,2012,1663811
NR,TR,2012,2046027
NR,TR,2012,2471979
NR,TR,2012,3287197
NR,TR,2012,2056997
NR,UK,2012,1177121
NR,UK,2012,1422315
NR,UK,2012,499524
NR,UK,2012,2693358
NR,UK,2012,1463274
NR,UK,2012,904677
NR,UK,2012,1509368
NR,UK,2012,919564
NR,UK,2012,801039
NR,UK,2012,1348096
NR,UK,2012,2233863
NR,UK,2012,2116662
NR,UK,2012,1719017
NR,UK,2012,716973
NR,UK,2012,1299764
NR,UK,2012,1575136
NR,UK,2012,2750805
NR,UK,2012,2403234
NR,UK,2012,1745325
NR,UK,2012,1735578
NR,UK,2012,1099576
NR,UK,2012,2165178
NR,UK,2012,1778692
NR,UK,2012,1234689
NR,UK,2012,1978433
NR,UK,2012,2284847
NR,UK,2012,2755648
NR,UK,2012,1908507
NR,UK,2012,1739802
NR,UK,2012,2362209
NR,UK,2012,1280933
NR,UK,2012,538254
NR,UK,2012,1138922
NR,UK,2012,1936308
NR,UK,2012,1132607
NR,UK,2012,478294
NR,UK,2012,466605
NR,UK,2012,1915517
NR,UK,2012,1499887
NR,UK,2012,946492
NR,UK,2012,1818995
NR,AL,2013,
NR,AL,2013,
NR,AL,2013,
NR,AL,2013,
NR,AT,2013,286691
NR,AT,2013,1618592
NR,AT,2013,1741246
NR,AT,2013,555473
NR,AT,2013,1210971
NR,AT,2013,1418498
NR,AT,2013,531898
NR,AT,2013,715888
NR,AT,2013,372603
NR,BE,2013,1165208
NR,BE,2013,1798605
NR,BE,2013,855213
NR,BE,2013,1463614
NR,BE,2013,1102907
NR,BE,2013,1175903
NR,BE,2013,389308
NR,BE,2013,1331455
NR,BE,2013,1093191
NR,BE,2013,277690
NR,BE,2013,484880
NR,BG,2013,823469
NR,BG,2013,844511
NR,BG,2013,957460
NR,BG,2013,1067981
NR,BG,2013,2128783
NR,BG,2013,1462348
NR,CH,2013,1519189
NR,CH,2013,1788791
NR,CH,2013,1091302
NR,CH,2013,1408575
NR,CH,2013,1123672
NR,CH,2013,765879
NR,CH,2013,341652
NR,CY,2013,865878
NR,CZ,2013,1246780
NR,CZ,2013,1291816
NR,CZ,2013,1209298
NR,CZ,2013,1128490
NR,CZ,2013,1507980
NR,CZ,2013,1679857
NR,CZ,2013,1225302
NR,CZ,2013,1226602
NR,DE,2013,3947568
NR,DE,2013,2686573
NR,DE,2013,2162340
NR,DE,2013,1772630
NR,DE,2013,4415649
NR,DE,2013,1181472
NR,DE,2013,1074738
NR,DE,2013,1058711
NR,DE,2013,1698515
NR,DE,2013,1297727
NR,DE,2013,1792759
NR,DE,2013,3375222
NR,DE,2013,2449511
NR,DE,2013,654774
NR,DE,2013,1734272
NR,DE,2013,3791381
NR,DE,2013,1023277
NR,DE,2013,1201823
NR,DE,2013,1600327
NR,DE,2013,1574527
NR,DE,2013,2094931
NR,DE,2013,1667332
NR,DE,2013,2442205
NR,DE,2013,5081061
NR,DE,2013,4315912
NR,DE,2013,2572390
NR,DE,2013,2025415
NR,DE,2013,3559551
NR,DE,2013,1476237
NR,DE,2013,518289
NR,DE,2013,1995752
NR,DE,2013,994287
NR,DE,2013,1591320
NR,DE,2013,1480210
NR,DE,2013,978674
NR,DE,2013,2259393
NR,DE,2013,2806531
NR,DE,2013,2170460
NR,DK,2013,1732068
NR,DK,2013,816359
NR,DK,2013,1201419
NR,DK,2013,1272510
NR,DK,2013,580272
NR,EE,2013,1320174
NR,EL,2013,3912849
NR,EL,2013,199478
NR,EL,2013,334652
NR,EL,2013,630085
NR,EL,2013,610102
NR,EL,2013,1912624
NR,EL,2013,281324
NR,EL,2013,343128
NR,EL,2013,741593
NR,EL,2013,208241
NR,EL,2013,682583
NR,EL,2013,560093
NR,EL,2013,586863
NR,ES,2013,2761989
NR,ES,2013,1067797
NR,ES,2013,590036
NR,ES,2013,2177006
NR,ES,2013,638948
NR,ES,2013,318647
NR,ES,2013,1338316
NR,ES,2013,6414620
NR,ES,2013,2518560
NR,ES,2013,2094406
NR,ES,2013,1100970
NR,ES,2013,7480921
NR,ES,2013,4987011
NR,ES,2013,1110112
NR,ES,2013,8393175
NR,ES,2013,1461983
NR,ES,2013,84539
NR,ES,2013,83620
NR,ES,2013,2105234
NR,FI,2013,1370384
NR,FI,2013,1566835
NR,FI,2013,1160732
NR,FI,2013,1300222
NR,FI,2013,28501
NR,FR,2013,11959807
NR,FR,2013,2570548
NR,FR,2013,1642687
NR,FR,2013,1177096
NR,FR,2013,1478712
NR,FR,2013,1849652
NR,FR,2013,4060741
NR,FR,2013,1927142
NR,FR,2013,1868183
NR,FR,2013,1339008
NR,FR,2013,2345197
NR,FR,2013,3660852
NR,FR,2013,3258707
NR,FR,2013,3316889
NR,FR,2013,737509
NR,FR,2013,1789779
NR,FR,2013,2729721
NR,FR,2013,2954157
NR,FR,2013,1357668
NR,FR,2013,6399927
NR,FR,2013,4953675
NR,FR,2013,320208
NR,FR,2013,
NR,FR,2013,437713
NR,FR,2013,385551
NR,FR,2013,244118
NR,FR,2013,835103
NR,FR,2013,
NR,HR,2013,1407798
NR,HR,2013,2854342
NR,HU,2013,1735711
NR,HU,2013,1218172
NR,HU,2013,1074702
NR,HU,2013,985279
NR,HU,2013,925180
NR,HU,2013,1189441
NR,HU,2013,1491659
NR,HU,2013,1288654
NR,HU,2013,0
NR,IE,2013,834236
NR,IE,2013,1556247
NR,IE,2013,2219296
NR,IS,2013,321857
NR,IT,2013,4374052
NR,IT,2013,127844
NR,IT,2013,1565127
NR,IT,2013,9794525
NR,IT,2013,1312507
NR,IT,2013,313341
NR,IT,2013,5769750
NR,IT,2013,4050803
NR,IT,2013,576194
NR,IT,2013,1958238
NR,IT,2013,4999932
NR,IT,2013,1640379
NR,IT,2013,509626
NR,IT,2013,530308
NR,IT,2013,4881756
NR,IT,2013,1221860
NR,IT,2013,4377487
NR,IT,2013,3692828
NR,IT,2013,886239
NR,IT,2013,1545155
NR,IT,2013,5557276
NR,LI,2013,36838
NR,LT,2013,806308
NR,LT,2013,2165597
NR,LU,2013,537039
NR,LV,2013,2023825
NR,ME,2013,620893
NR,MK,2013,2062294
NR,MK,2013,
NR,MT,2013,422509
NR,NL,2013,581705
NR,NL,2013,646862
NR,NL,2013,489918
NR,NL,2013,1139350
NR,NL,2013,2015791
NR,NL,2013,398441
NR,NL,2013,1245294
NR,NL,2013,2724300
NR,NL,2013,3563935
NR,NL,2013,381077
NR,NL,2013,2471011
NR,NL,2013,1121891
NR,NO,2013,1190365
NR,NO,2013,380973
NR,NO,2013,960653
NR,NO,2013,741284
NR,NO,2013,866239
NR,NO,2013,437198
NR,NO,2013,474563
NR,PL,2013,3310450
NR,PL,2013,4566039
NR,PL,2013,3437751
NR,PL,2013,1694560
NR,PL,2013,1010582
NR,PL,2013,2875180
NR,PL,2013,966167
NR,PL,2013,2072655
NR,PL,2013,1425897
NR,PL,2013,2259485
NR,PL,2013,
NR,PL,2013,
NR,PL,2013,
NR,PL,2013,
NR,PL,2013,
NR,PL,2013,
NR,PL,2013,
NR,PT,2013,3666234
NR,PT,2013,444390
NR,PT,2013,2298938
NR,PT,2013,2818388
NR,PT,2013,748699
NR,PT,2013,247549
NR,PT,2013,263091
NR,RO,2013,2594823
NR,RO,2013,2359405
NR,RO,2013,3278798
NR,RO,2013,2523354
NR,RO,2013,3108150
NR,RO,2013,2282244
NR,RO,2013,2048702
NR,RO,2013,1824598
NR,RS,2013,
NR,RS,2013,
NR,RS,2013,
NR,RS,2013,
NR,SE,2013,2127006
NR,SE,2013,1589821
NR,SE,2013,815792
NR,SE,2013,1415403
NR,SE,2013,1904563
NR,SE,2013,826272
NR,SE,2013,368182
NR,SE,2013,508854
NR,SI,2013,1097198
NR,SI,2013,961623
NR,SK,2013,612682
NR,SK,2013,1838136
NR,SK,2013,1348611
NR,SK,2013,1611407
NR,TR,2013,13854740
NR,TR,2013,1593247
NR,TR,2013,1654422
NR,TR,2013,4005459
NR,TR,2013,2808243
NR,TR,2013,2965800
NR,TR,2013,3682037
NR,TR,2013,3376330
NR,TR,2013,4965542
NR,TR,2013,2287705
NR,TR,2013,2763541
NR,TR,2013,3808483
NR,TR,2013,3038983
NR,TR,2013,1501311
NR,TR,2013,2351714
NR,TR,2013,1020108
NR,TR,2013,745525
NR,TR,2013,2717970
NR,TR,2013,2545274
NR,TR,2013,1071878
NR,TR,2013,1154277
NR,TR,2013,1673852
NR,TR,2013,2082470
NR,TR,2013,2519139
NR,TR,2013,3354242
NR,TR,2013,2085092
NR,UK,2013,1179963
NR,UK,2013,1426640
NR,UK,2013,498860
NR,UK,2013,2707445
NR,UK,2013,1466592
NR,UK,2013,907796
NR,UK,2013,1513266
NR,UK,2013,921510
NR,UK,2013,804925
NR,UK,2013,1355465
NR,UK,2013,2245499
NR,UK,2013,2129007
NR,UK,2013,1732295
NR,UK,2013,721847
NR,UK,2013,1305682
NR,UK,2013,1581454
NR,UK,2013,2771841
NR,UK,2013,2416785
NR,UK,2013,1763546
NR,UK,2013,1748546
NR,UK,2013,1108567
NR,UK,2013,2205293
NR,UK,2013,1800748
NR,UK,2013,1249370
NR,UK,2013,1999117
NR,UK,2013,2304318
NR,UK,2013,2778314
NR,UK,2013,1920223
NR,UK,2013,1756070
NR,UK,2013,2382428
NR,UK,2013,1288448
NR,UK,2013,542252
NR,UK,2013,1145447
NR,UK,2013,1940620
NR,UK,2013,1137738
NR,UK,2013,482660
NR,UK,2013,466737
NR,UK,2013,1924614
NR,UK,2013,1500987
NR,UK,2013,945666
NR,UK,2013,1826761
NR,AL,2014,
NR,AL,2014,
NR,AL,2014,
NR,AL,2014,
NR,AT,2014,287416
NR,AT,2014,1625485
NR,AT,2014,1766746
NR,AT,2014,555881
NR,AT,2014,1215246
NR,AT,2014,1425422
NR,AT,2014,534270
NR,AT,2014,722038
NR,AT,2014,375282
NR,BE,2014,1172751
NR,BE,2014,1806634
NR,BE,2014,857844
NR,BE,2014,1471126
NR,BE,2014,1108408
NR,BE,2014,1177935
NR,BE,2014,391609
NR,BE,2014,1334423
NR,BE,2014,1095661
NR,BE,2014,278219
NR,BE,2014,486230
NR,BG,2014,810401
NR,BG,2014,835813
NR,BG,2014,954536
NR,BG,2014,1063690
NR,BG,2014,2127618
NR,BG,2014,1453619
NR,CH,2014,1545817
NR,CH,2014,1808480
NR,CH,2014,1104353
NR,CH,2014,1425538
NR,CH,2014,1134781
NR,CH,2014,774123
NR,CH,2014,346539
NR,CY,2014,858000
NR,CZ,2014,1243201
NR,CZ,2014,1302336
NR,CZ,2014,1210176
NR,CZ,2014,1125429
NR,CZ,2014,1506503
NR,CZ,2014,1680287
NR,CZ,2014,1222655
NR,CZ,2014,1221832
NR,DE,2014,3972881
NR,DE,2014,2702831
NR,DE,2014,2174500
NR,DE,2014,1781066
NR,DE,2014,4469342
NR,DE,2014,1189153
NR,DE,2014,1077991
NR,DE,2014,1056365
NR,DE,2014,1707376
NR,DE,2014,1297992
NR,DE,2014,1806025
NR,DE,2014,3421829
NR,DE,2014,2449193
NR,DE,2014,657391
NR,DE,2014,1746342
NR,DE,2014,3822479
NR,DE,2014,1023150
NR,DE,2014,1199796
NR,DE,2014,1596505
NR,DE,2014,1574936
NR,DE,2014,2099079
NR,DE,2014,1670199
NR,DE,2014,2446345
NR,DE,2014,5088748
NR,DE,2014,4333015
NR,DE,2014,2574148
NR,DE,2014,2024392
NR,DE,2014,3551553
NR,DE,2014,1474378
NR,DE,2014,519136
NR,DE,2014,2000852
NR,DE,2014,990718
NR,DE,2014,1590927
NR,DE,2014,1468954
NR,DE,2014,986504
NR,DE,2014,2244577
NR,DE,2014,2815955
NR,DE,2014,2160840
NR,DK,2014,1749405
NR,DK,2014,816726
NR,DK,2014,1202509
NR,DK,2014,1277538
NR,DK,2014,581057
NR,EE,2014,1315819
NR,EL,2014,3863763
NR,EL,2014,198581
NR,EL,2014,334802
NR,EL,2014,630889
NR,EL,2014,608214
NR,EL,2014,1903360
NR,EL,2014,278706
NR,EL,2014,341046
NR,EL,2014,737686
NR,EL,2014,207664
NR,EL,2014,677727
NR,EL,2014,559214
NR,EL,2014,585155
NR,ES,2014,2747226
NR,ES,2014,1058975
NR,ES,2014,587682
NR,ES,2014,2167166
NR,ES,2014,636450
NR,ES,2014,315223
NR,ES,2014,1331301
NR,ES,2014,6378297
NR,ES,2014,2495689
NR,ES,2014,2075197
NR,ES,2014,1096421
NR,ES,2014,7416237
NR,ES,2014,4956427
NR,ES,2014,1115841
NR,ES,2014,8388875
NR,ES,2014,1461803
NR,ES,2014,84674
NR,ES,2014,83870
NR,ES,2014,2114845
NR,FI,2014,1374403
NR,FI,2014,1585473
NR,FI,2014,1161882
NR,FI,2014,1300846
NR,FI,2014,28666
NR,FR,2014,12027565
NR,FR,2014,2577435
NR,FR,2014,1642551
NR,FR,2014,1178072
NR,FR,2014,1479378
NR,FR,2014,1856267
NR,FR,2014,4076061
NR,FR,2014,1930095
NR,FR,2014,1872949
NR,FR,2014,1339299
NR,FR,2014,2342397
NR,FR,2014,3690833
NR,FR,2014,3276543
NR,FR,2014,3343326
NR,FR,2014,738120
NR,FR,2014,1797698
NR,FR,2014,2751592
NR,FR,2014,2979161
NR,FR,2014,1360461
NR,FR,2014,6460505
NR,FR,2014,4983438
NR,FR,2014,324212
NR,FR,2014,0
NR,FR,2014,435293
NR,FR,2014,383911
NR,FR,2014,252338
NR,FR,2014,842767
NR,FR,2014,223713
NR,HR,2014,1405908
NR,HR,2014,2840901
NR,HU,2014,1744665
NR,HU,2014,1220748
NR,HU,2014,1069190
NR,HU,2014,984521
NR,HU,2014,917492
NR,HU,2014,1176894
NR,HU,2014,1484375
NR,HU,2014,1279480
NR,HU,2014,0
NR,IE,2014,833748
NR,IE,2014,1563179
NR,IE,2014,2240925
NR,IS,2014,325671
NR,IT,2014,4436798
NR,IT,2014,128591
NR,IT,2014,1591939
NR,IT,2014,9973397
NR,IT,2014,1333939
NR,IT,2014,314725
NR,IT,2014,5869965
NR,IT,2014,4090266
NR,IT,2014,578391
NR,IT,2014,1980533
NR,IT,2014,5094937
NR,IT,2014,1663859
NR,IT,2014,515714
NR,IT,2014,536237
NR,IT,2014,4926818
NR,IT,2014,1229363
NR,IT,2014,4446354
NR,IT,2014,3750511
NR,IT,2014,896742
NR,IT,2014,1553138
NR,IT,2014,5870451
NR,LI,2014,37129
NR,LT,2014,806106
NR,LT,2014,2137366
NR,LU,2014,549680
NR,LV,2014,2001468
NR,ME,2014,621521
NR,MK,2014,2065410
NR,MK,2014,359
NR,MT,2014,429424
NR,NL,2014,582728
NR,NL,2014,646317
NR,NL,2014,488988
NR,NL,2014,1139697
NR,NL,2014,2019692
NR,NL,2014,399893
NR,NL,2014,1253672
NR,NL,2014,2741369
NR,NL,2014,3577032
NR,NL,2014,380621
NR,NL,2014,2479274
NR,NL,2014,1120006
NR,NO,2014,1209992
NR,NO,2014,382230
NR,NO,2014,969415
NR,NO,2014,751632
NR,NO,2014,875475
NR,NO,2014,441193
NR,NO,2014,478033
NR,PL,2014,3316097
NR,PL,2014,4548177
NR,PL,2014,3441440
NR,PL,2014,1691400
NR,PL,2014,1008564
NR,PL,2014,2869579
NR,PL,2014,960226
NR,PL,2014,2068417
NR,PL,2014,1421264
NR,PL,2014,2264817
NR,PL,2014,2498861
NR,PL,2014,1253041
NR,PL,2014,2134413
NR,PL,2014,2083546
NR,PL,2014,1165447
NR,PL,2014,2937140
NR,PL,2014,2355427
NR,PT,2014,3644195
NR,PT,2014,442358
NR,PT,2014,2281164
NR,PT,2014,2807525
NR,PT,2014,743306
NR,PT,2014,247440
NR,PT,2014,261313
NR,RO,2014,2590220
NR,RO,2014,2355312
NR,RO,2014,3273367
NR,RO,2014,2509094
NR,RO,2014,3085095
NR,RO,2014,2282968
NR,RO,2014,2033360
NR,RO,2014,1817895
NR,RS,2014,
NR,RS,2014,
NR,RS,2014,
NR,RS,2014,
NR,SE,2014,2163042
NR,SE,2014,1605347
NR,SE,2014,819426
NR,SE,2014,1426826
NR,SE,2014,1921924
NR,SE,2014,829134
NR,SE,2014,368617
NR,SE,2014,510548
NR,SI,2014,1094709
NR,SI,2014,966376
NR,SK,2014,618380
NR,SK,2014,1836664
NR,SK,2014,1347233
NR,SK,2014,1613672
NR,TR,2014,14160467
NR,TR,2014,1613616
NR,TR,2014,1665089
NR,TR,2014,4061074
NR,TR,2014,2851086
NR,TR,2014,2985153
NR,TR,2014,3749582
NR,TR,2014,3448702
NR,TR,2014,5045083
NR,TR,2014,2317164
NR,TR,2014,2833306
NR,TR,2014,3855034
NR,TR,2014,3077753
NR,TR,2014,1510080
NR,TR,2014,2363390
NR,TR,2014,1020957
NR,TR,2014,763570
NR,TR,2014,2714575
NR,TR,2014,2553647
NR,TR,2014,1062345
NR,TR,2014,1145257
NR,TR,2014,1681719
NR,TR,2014,2092863
NR,TR,2014,2570208
NR,TR,2014,3409417
NR,TR,2014,2116727
NR,UK,2014,1183175
NR,UK,2014,1431607
NR,UK,2014,498463
NR,UK,2014,2721819
NR,UK,2014,1469371
NR,UK,2014,911368
NR,UK,2014,1517171
NR,UK,2014,922928
NR,UK,2014,807558
NR,UK,2014,1362340
NR,UK,2014,2256217
NR,UK,2014,2141903
NR,UK,2014,1747794
NR,UK,2014,728205
NR,UK,2014,1312357
NR,UK,2014,1588088
NR,UK,2014,2793881
NR,UK,2014,2434456
NR,UK,2014,1784776
NR,UK,2014,1765271
NR,UK,2014,1120811
NR,UK,2014,2248524
NR,UK,2014,1826033
NR,UK,2014,1263221
NR,UK,2014,2019780
NR,UK,2014,2325301
NR,UK,2014,2802800
NR,UK,2014,1932133
NR,UK,2014,1773140
NR,UK,2014,2404752
NR,UK,2014,1295993
NR,UK,2014,546137
NR,UK,2014,1153568
NR,UK,2014,1944635
NR,UK,2014,1142724
NR,UK,2014,487150
NR,UK,2014,467326
NR,UK,2014,1933992
NR,UK,2014,1504303
NR,UK,2014,944842
NR,UK,2014,1835290
NR,AL,2015,
NR,AL,2015,
NR,AL,2015,
NR,AL,2015,
NR,AT,2015,288356
NR,AT,2015,1636778
NR,AT,2015,1797337
NR,AT,2015,557641
NR,AT,2015,1221570
NR,AT,2015,1437251
NR,AT,2015,538575
NR,AT,2015,728826
NR,AT,2015,378592
NR,BE,2015,1184101
NR,BE,2015,1817033
NR,BE,2015,861380
NR,BE,2015,1479049
NR,BE,2015,1114590
NR,BE,2015,1180957
NR,BE,2015,394344
NR,BE,2015,1337780
NR,BE,2015,1098903
NR,BE,2015,280261
NR,BE,2015,488876
NR,BG,2015,797142
NR,BG,2015,825536
NR,BG,2015,949957
NR,BG,2015,1058515
NR,BG,2015,2125212
NR,BG,2015,1445836
NR,CH,2015,1570594
NR,CH,2015,1826251
NR,CH,2015,1117158
NR,CH,2015,1446354
NR,CH,2015,1144572
NR,CH,2015,782374
NR,CH,2015,350363
NR,CY,2015,847008
NR,CZ,2015,1259079
NR,CZ,2015,1315299
NR,CZ,2015,1212423
NR,CZ,2015,1123265
NR,CZ,2015,1506813
NR,CZ,2015,1682748
NR,CZ,2015,1220972
NR,CZ,2015,1217676
NR,DE,2015,4008288
NR,DE,2015,2721266
NR,DE,2015,2191622
NR,DE,2015,1795468
NR,DE,2015,4519979
NR,DE,2015,1197558
NR,DE,2015,1082761
NR,DE,2015,1055955
NR,DE,2015,1715195
NR,DE,2015,1298849
NR,DE,2015,1821271
NR,DE,2015,3469849
NR,DE,2015,2457872
NR,DE,2015,661888
NR,DE,2015,1762791
NR,DE,2015,3863818
NR,DE,2015,1029020
NR,DE,2015,1201050
NR,DE,2015,1599138
NR,DE,2015,1579754
NR,DE,2015,2108413
NR,DE,2015,1677715
NR,DE,2015,2460857
NR,DE,2015,5108290
NR,DE,2015,4361724
NR,DE,2015,2580664
NR,DE,2015,2029648
NR,DE,2015,3557772
NR,DE,2015,1477202
NR,DE,2015,521863
NR,DE,2015,2012517
NR,DE,2015,989035
NR,DE,2015,1592765
NR,DE,2015,1463341
NR,DE,2015,999168
NR,DE,2015,2235548
NR,DE,2015,2830864
NR,DE,2015,2156759
NR,DK,2015,1768125
NR,DK,2015,820480
NR,DK,2015,1205728
NR,DK,2015,1282750
NR,DK,2015,582632
NR,EE,2015,1314870
NR,EL,2015,3822843
NR,EL,2015,197695
NR,EL,2015,334865
NR,EL,2015,631513
NR,EL,2015,606490
NR,EL,2015,1893878
NR,EL,2015,276423
NR,EL,2015,339142
NR,EL,2015,733663
NR,EL,2015,207059
NR,EL,2015,673263
NR,EL,2015,557753
NR,EL,2015,583431
NR,ES,2015,2734656
NR,ES,2015,1049875
NR,ES,2015,585359
NR,ES,2015,2165100
NR,ES,2015,636402
NR,ES,2015,313569
NR,ES,2015,1326403
NR,ES,2015,6385298
NR,ES,2015,2478079
NR,ES,2015,2062767
NR,ES,2015,1091623
NR,ES,2015,7396991
NR,ES,2015,4939674
NR,ES,2015,1124972
NR,ES,2015,8399618
NR,ES,2015,1463773
NR,ES,2015,84692
NR,ES,2015,84570
NR,ES,2015,2126144
NR,FI,2015,1377281
NR,FI,2015,1603388
NR,FI,2015,1161706
NR,FI,2015,1300462
NR,FI,2015,28916
NR,FR,2015,12082144
NR,FR,2015,2578592
NR,FR,2015,1641205
NR,FR,2015,1179735
NR,FR,2015,1479484
NR,FR,2015,1859647
NR,FR,2015,4077886
NR,FR,2015,1932090
NR,FR,2015,1879265
NR,FR,2015,1338255
NR,FR,2015,2341531
NR,FR,2015,3718512
NR,FR,2015,3293850
NR,FR,2015,3370578
NR,FR,2015,738031
NR,FR,2015,1802873
NR,FR,2015,2772683
NR,FR,2015,3001502
NR,FR,2015,1362367
NR,FR,2015,6515331
NR,FR,2015,5007977
NR,FR,2015,327283
NR,FR,2015,0
NR,FR,2015,433674
NR,FR,2015,380877
NR,FR,2015,259865
NR,FR,2015,850727
NR,FR,2015,232189
NR,HR,2015,1402229
NR,HR,2015,2823087
NR,HU,2015,1757618
NR,HU,2015,1226115
NR,HU,2015,1063408
NR,HU,2015,983925
NR,HU,2015,909130
NR,HU,2015,1164813
NR,HU,2015,1479522
NR,HU,2015,1271040
NR,HU,2015,0
NR,IE,2015,833830
NR,IE,2015,1567206
NR,IE,2015,2276591
NR,IS,2015,329100
NR,IT,2015,4424467
NR,IT,2015,128298
NR,IT,2015,1583263
NR,IT,2015,10002615
NR,IT,2015,1331574
NR,IT,2015,313348
NR,IT,2015,5861529
NR,IT,2015,4090105
NR,IT,2015,576619
NR,IT,2015,1976631
NR,IT,2015,5092080
NR,IT,2015,1663286
NR,IT,2015,518518
NR,IT,2015,537416
NR,IT,2015,4927596
NR,IT,2015,1227122
NR,IT,2015,4450508
NR,IT,2015,3752654
NR,IT,2015,894762
NR,IT,2015,1550796
NR,IT,2015,5892425
NR,LI,2015,37366
NR,LT,2015,807523
NR,LT,2015,2113739
NR,LU,2015,562958
NR,LV,2015,1986096
NR,ME,2015,622099
NR,MK,2015,2068864
NR,MK,2015,308
NR,MT,2015,439691
NR,NL,2015,583942
NR,NL,2015,646257
NR,NL,2015,488576
NR,NL,2015,1140652
NR,NL,2015,2026578
NR,NL,2015,401791
NR,NL,2015,1263572
NR,NL,2015,2761929
NR,NL,2015,3600011
NR,NL,2015,380726
NR,NL,2015,2488751
NR,NL,2015,1117941
NR,NO,2015,1232854
NR,NO,2015,383985
NR,NO,2015,976682
NR,NO,2015,762031
NR,NO,2015,884316
NR,NO,2015,445838
NR,NO,2015,480787
NR,PL,2015,3324579
NR,PL,2015,4535705
NR,PL,2015,3447689
NR,PL,2015,1688486
NR,PL,2015,1007442
NR,PL,2015,2868338
NR,PL,2015,956913
NR,PL,2015,2065846
NR,PL,2015,1418541
NR,PL,2015,2271559
NR,PL,2015,2489844
NR,PL,2015,1247951
NR,PL,2015,2126310
NR,PL,2015,2084264
NR,PL,2015,1162369
NR,PL,2015,2960058
NR,PL,2015,2349720
NR,PT,2015,3621785
NR,PT,2015,441468
NR,PT,2015,2263992
NR,PT,2015,2809168
NR,PT,2015,733370
NR,PT,2015,246353
NR,PT,2015,258686
NR,RO,2015,2585543
NR,RO,2015,2350147
NR,RO,2015,3269598
NR,RO,2015,2492352
NR,RO,2015,3061286
NR,RO,2015,2284200
NR,RO,2015,2015766
NR,RO,2015,1811755
NR,RS,2015,
NR,RS,2015,
NR,RS,2015,
NR,RS,2015,
NR,SE,2015,2198044
NR,SE,2015,1621566
NR,SE,2015,826243
NR,SE,2015,1443065
NR,SE,2015,1942677
NR,SE,2015,833585
NR,SE,2015,369826
NR,SE,2015,512349
NR,SI,2015,1093545
NR,SI,2015,969329
NR,SK,2015,625167
NR,SK,2015,1834832
NR,SK,2015,1345808
NR,SK,2015,1615542
NR,TR,2015,14377018
NR,TR,2015,1650735
NR,TR,2015,1700847
NR,TR,2015,4113072
NR,TR,2015,2915188
NR,TR,2015,2995289
NR,TR,2015,3809784
NR,TR,2015,3522353
NR,TR,2015,5150072
NR,TR,2015,2349170
NR,TR,2015,2898240
NR,TR,2015,3892850
NR,TR,2015,3115681
NR,TR,2015,1508199
NR,TR,2015,2378052
NR,TR,2015,1019534
NR,TR,2015,756983
NR,TR,2015,2717042
NR,TR,2015,2566840
NR,TR,2015,1067560
NR,TR,2015,1138766
NR,TR,2015,1690843
NR,TR,2015,2111068
NR,TR,2015,2616082
NR,TR,2015,3480715
NR,TR,2015,2153921
NR,UK,2015,1186123
NR,UK,2015,1435643
NR,UK,2015,498545
NR,UK,2015,2741974
NR,UK,2015,1473818
NR,UK,2015,915471
NR,UK,2015,1524173
NR,UK,2015,924558
NR,UK,2015,810048
NR,UK,2015,1370817
NR,UK,2015,2269744
NR,UK,2015,2155431
NR,UK,2015,1767307
NR,UK,2015,734643
NR,UK,2015,1319504
NR,UK,2015,1594600
NR,UK,2015,2820216
NR,UK,2015,2456564
NR,UK,2015,1806939
NR,UK,2015,1782982
NR,UK,2015,1138443
NR,UK,2015,2294960
NR,UK,2015,1853173
NR,UK,2015,1276233
NR,UK,2015,2040301
NR,UK,2015,2347205
NR,UK,2015,2827820
NR,UK,2015,1946199
NR,UK,2015,1790347
NR,UK,2015,2429519
NR,UK,2015,1304470
NR,UK,2015,550437
NR,UK,2015,1162981
NR,UK,2015,1948946
NR,UK,2015,1146757
NR,UK,2015,490875
NR,UK,2015,467889
NR,UK,2015,1946564
NR,UK,2015,1510438
NR,UK,2015,944507
NR,UK,2015,1846229
NR,AL,2016,848059
NR,AL,2016,1110562
NR,AL,2016,927405
NR,AL,2016,
NR,AT,2016,291011
NR,AT,2016,1653691
NR,AT,2016,1840226
NR,AT,2016,560482
NR,AT,2016,1232012
NR,AT,2016,1453948
NR,AT,2016,545815
NR,AT,2016,739139
NR,AT,2016,384147
NR,BE,2016,1201285
NR,BE,2016,1828927
NR,BE,2016,866970
NR,BE,2016,1489084
NR,BE,2016,1122600
NR,BE,2016,1184418
NR,BE,2016,397745
NR,BE,2016,1341267
NR,BE,2016,1103490
NR,BE,2016,283257
NR,BE,2016,492074
NR,BG,2016,783909
NR,BG,2016,815441
NR,BG,2016,944458
NR,BG,2016,1052575
NR,BG,2016,2121185
NR,BG,2016,1436216
NR,CH,2016,1593839
NR,CH,2016,1842251
NR,CH,2016,1128723
NR,CH,2016,1466424
NR,CH,2016,1153485
NR,CH,2016,790458
NR,CH,2016,351946
NR,CY,2016,848319
NR,CZ,2016,1267449
NR,CZ,2016,1326876
NR,CZ,2016,1214450
NR,CZ,2016,1120654
NR,CZ,2016,1507209
NR,CZ,2016,1684500
NR,CZ,2016,1219394
NR,CZ,2016,1213311
NR,DE,2016,4069533
NR,DE,2016,2761977
NR,DE,2016,2224535
NR,DE,2016,1823573
NR,DE,2016,4588944
NR,DE,2016,1212119
NR,DE,2016,1092339
NR,DE,2016,1059358
NR,DE,2016,1738686
NR,DE,2016,1306048
NR,DE,2016,1846020
NR,DE,2016,3520031
NR,DE,2016,2484826
NR,DE,2016,671489
NR,DE,2016,1787408
NR,DE,2016,3922369
NR,DE,2016,1040091
NR,DE,2016,1213712
NR,DE,2016,1612362
NR,DE,2016,1598164
NR,DE,2016,2132290
NR,DE,2016,1699969
NR,DE,2016,2496176
NR,DE,2016,5173623
NR,DE,2016,4422371
NR,DE,2016,2614229
NR,DE,2016,2057996
NR,DE,2016,3597297
NR,DE,2016,1488308
NR,DE,2016,532715
NR,DE,2016,2031780
NR,DE,2016,995597
NR,DE,2016,1602754
NR,DE,2016,1465612
NR,DE,2016,1016485
NR,DE,2016,2245470
NR,DE,2016,2858714
NR,DE,2016,2170714
NR,DK,2016,1789174
NR,DK,2016,827499
NR,DK,2016,1211770
NR,DK,2016,1293309
NR,DK,2016,585499
NR,EE,2016,1315944
NR,EL,2016,3781274
NR,EL,2016,196654
NR,EL,2016,334791
NR,EL,2016,631812
NR,EL,2016,604504
NR,EL,2016,1883339
NR,EL,2016,273843
NR,EL,2016,336834
NR,EL,2016,729442
NR,EL,2016,206141
NR,EL,2016,668258
NR,EL,2016,555830
NR,EL,2016,581026
NR,ES,2016,2720102
NR,ES,2016,1040925
NR,ES,2016,582504
NR,ES,2016,2164066
NR,ES,2016,637486
NR,ES,2016,312810
NR,ES,2016,1318571
NR,ES,2016,6424275
NR,ES,2016,2454454
NR,ES,2016,2048900
NR,ES,2016,1084969
NR,ES,2016,7408290
NR,ES,2016,4932347
NR,ES,2016,1135527
NR,ES,2016,8403774
NR,ES,2016,1466474
NR,ES,2016,84652
NR,ES,2016,84764
NR,ES,2016,2135209
NR,FI,2016,1379116
NR,FI,2016,1620261
NR,FI,2016,1160491
NR,FI,2016,1298457
NR,FI,2016,28983
NR,FR,2016,12117132
NR,FR,2016,2577866
NR,FR,2016,1637941
NR,FR,2016,1180397
NR,FR,2016,1477349
NR,FR,2016,1858580
NR,FR,2016,4074448
NR,FR,2016,1932422
NR,FR,2016,1884150
NR,FR,2016,1333248
NR,FR,2016,2337788
NR,FR,2016,3737632
NR,FR,2016,3306529
NR,FR,2016,3393297
NR,FR,2016,736015
NR,FR,2016,1806291
NR,FR,2016,2793303
NR,FR,2016,3015132
NR,FR,2016,1363392
NR,FR,2016,6553497
NR,FR,2016,5021928
NR,FR,2016,330455
NR,FR,2016,0
NR,FR,2016,429856
NR,FR,2016,376480
NR,FR,2016,269352
NR,FR,2016,852924
NR,FR,2016,240987
NR,HR,2016,1394290
NR,HR,2016,2796379
NR,HU,2016,1759407
NR,HU,2016,1234541
NR,HU,2016,1060703
NR,HU,2016,983933
NR,HU,2016,900868
NR,HU,2016,1153714
NR,HU,2016,1474383
NR,HU,2016,1262936
NR,HU,2016,0
NR,IE,2016,839204
NR,IE,2016,1575504
NR,IE,2016,2311578
NR,IS,2016,332529
NR,IT,2016,4404246
NR,IT,2016,127329
NR,IT,2016,1571053
NR,IT,2016,10008349
NR,IT,2016,1326513
NR,IT,2016,312027
NR,IT,2016,5850850
NR,IT,2016,4077166
NR,IT,2016,573694
NR,IT,2016,1970521
NR,IT,2016,5074261
NR,IT,2016,1658138
NR,IT,2016,520891
NR,IT,2016,538223
NR,IT,2016,4915123
NR,IT,2016,1221218
NR,IT,2016,4448146
NR,IT,2016,3744398
NR,IT,2016,891181
NR,IT,2016,1543752
NR,IT,2016,5888472
NR,LI,2016,37622
NR,LT,2016,805380
NR,LT,2016,2083178
NR,LU,2016,576249
NR,LV,2016,1968957
NR,ME,2016,622218
NR,MK,2016,2070998
NR,MK,2016,280
NR,MT,2016,450415
NR,NL,2016,583721
NR,NL,2016,646040
NR,NL,2016,488629
NR,NL,2016,1144280
NR,NL,2016,2035351
NR,NL,2016,404068
NR,NL,2016,1273613
NR,NL,2016,2784854
NR,NL,2016,3622303
NR,NL,2016,381252
NR,NL,2016,2498749
NR,NL,2016,1116260
NR,NO,2016,1251687
NR,NO,2016,384221
NR,NO,2016,984764
NR,NO,2016,768179
NR,NO,2016,890719
NR,NO,2016,449457
NR,NO,2016,481694
NR,PL,2016,3330031
NR,PL,2016,4520567
NR,PL,2016,3450966
NR,PL,2016,1684025
NR,PL,2016,1005159
NR,PL,2016,2864624
NR,PL,2016,952557
NR,PL,2016,2062006
NR,PL,2016,1414734
NR,PL,2016,2277059
NR,PL,2016,2479350
NR,PL,2016,1241895
NR,PL,2016,2118528
NR,PL,2016,2083496
NR,PL,2016,1158945
NR,PL,2016,2979942
NR,PL,2016,2343325
NR,PT,2016,3603778
NR,PT,2016,441929
NR,PT,2016,2256364
NR,PT,2016,2812678
NR,PT,2016,724391
NR,PT,2016,245766
NR,PT,2016,256424
NR,RO,2016,2576567
NR,RO,2016,2341964
NR,RO,2016,3256734
NR,RO,2016,2469868
NR,RO,2016,3031555
NR,RO,2016,2288203
NR,RO,2016,1993482
NR,RO,2016,1802212
NR,RS,2016,
NR,RS,2016,
NR,RS,2016,
NR,RS,2016,
NR,SE,2016,2231439
NR,SE,2016,1638825
NR,SE,2016,834276
NR,SE,2016,1459880
NR,SE,2016,1963466
NR,SE,2016,838747
NR,SE,2016,371273
NR,SE,2016,513111
NR,SI,2016,1092193
NR,SI,2016,971995
NR,SK,2016,633288
NR,SK,2016,1832159
NR,SK,2016,1343458
NR,SK,2016,1617347
NR,TR,2016,14657434
NR,TR,2016,1687420
NR,TR,2016,1700029
NR,TR,2016,4168415
NR,TR,2016,2955825
NR,TR,2016,3013892
NR,TR,2016,3881624
NR,TR,2016,3617728
NR,TR,2016,5270575
NR,TR,2016,2372740
NR,TR,2016,2968561
NR,TR,2016,3928388
NR,TR,2016,3142990
NR,TR,2016,1515228
NR,TR,2016,2379113
NR,TR,2016,1023593
NR,TR,2016,757711
NR,TR,2016,2721221
NR,TR,2016,2572850
NR,TR,2016,1063789
NR,TR,2016,1131570
NR,TR,2016,1700468
NR,TR,2016,2124349
NR,TR,2016,2665265
NR,TR,2016,3546516
NR,TR,2016,2173759
NR,UK,2016,1190177
NR,UK,2016,1440477
NR,UK,2016,498745
NR,UK,2016,2767348
NR,UK,2016,1480296
NR,UK,2016,919711
NR,UK,2016,1533376
NR,UK,2016,926818
NR,UK,2016,814066
NR,UK,2016,1380458
NR,UK,2016,2286357
NR,UK,2016,2170611
NR,UK,2016,1789613
NR,UK,2016,741087
NR,UK,2016,1327386
NR,UK,2016,1603003
NR,UK,2016,2852553
NR,UK,2016,2475882
NR,UK,2016,1827766
NR,UK,2016,1798750
NR,UK,2016,1153642
NR,UK,2016,2337518
NR,UK,2016,1880090
NR,UK,2016,1288011
NR,UK,2016,2058984
NR,UK,2016,2368548
NR,UK,2016,2852269
NR,UK,2016,1961230
NR,UK,2016,1807834
NR,UK,2016,2453872
NR,UK,2016,1313859
NR,UK,2016,555014
NR,UK,2016,1171558
NR,UK,2016,1954376
NR,UK,2016,1151846
NR,UK,2016,492173
NR,UK,2016,468903
NR,UK,2016,1961928
NR,UK,2016,1520628
NR,UK,2016,945233
NR,UK,2016,1857048
NR,AL,2017,826904
NR,AL,2017,1146183
NR,AL,2017,903504
NR,AL,2017,
NR,AT,2017,291942
NR,AT,2017,1665753
NR,AT,2017,1867582
NR,AT,2017,561077
NR,AT,2017,1237298
NR,AT,2017,1465045
NR,AT,2017,549263
NR,AT,2017,746153
NR,AT,2017,388752
NR,BE,2017,1199095
NR,BE,2017,1838863
NR,BE,2017,869664
NR,BE,2017,1498483
NR,BE,2017,1130644
NR,BE,2017,1188407
NR,BE,2017,399735
NR,BE,2017,1342053
NR,BE,2017,1106039
NR,BE,2017,284617
NR,BE,2017,494127
NR,BG,2017,769623
NR,BG,2017,805441
NR,BG,2017,939262
NR,BG,2017,1046125
NR,BG,2017,2115344
NR,BG,2017,1426064
NR,CH,2017,1613522
NR,CH,2017,1859557
NR,CH,2017,1142156
NR,CH,2017,1487969
NR,CH,2017,1162684
NR,CH,2017,799287
NR,CH,2017,354375
NR,CY,2017,854802
NR,CZ,2017,1280508
NR,CZ,2017,1338982
NR,CZ,2017,1217411
NR,CZ,2017,1118126
NR,CZ,2017,1508527
NR,CZ,2017,1687764
NR,CZ,2017,1217623
NR,CZ,2017,1209879
NR,DE,2017,4098278
NR,DE,2017,2779314
NR,DE,2017,2239734
NR,DE,2017,1834567
NR,DE,2017,4633323
NR,DE,2017,1219397
NR,DE,2017,1098378
NR,DE,2017,1062394
NR,DE,2017,1750059
NR,DE,2017,1309209
NR,DE,2017,1857991
NR,DE,2017,3574830
NR,DE,2017,2494648
NR,DE,2017,678753
NR,DE,2017,1810438
NR,DE,2017,3951234
NR,DE,2017,1043643
NR,DE,2017,1218211
NR,DE,2017,1610674
NR,DE,2017,1595609
NR,DE,2017,2139976
NR,DE,2017,1703945
NR,DE,2017,2506155
NR,DE,2017,5190790
NR,DE,2017,4439416
NR,DE,2017,2619376
NR,DE,2017,2054205
NR,DE,2017,3586313
NR,DE,2017,1492187
NR,DE,2017,528728
NR,DE,2017,2045138
NR,DE,2017,996651
NR,DE,2017,1600155
NR,DE,2017,1454144
NR,DE,2017,1027484
NR,DE,2017,2236252
NR,DE,2017,2881926
NR,DE,2017,2158128
NR,DK,2017,1807404
NR,DK,2017,832553
NR,DK,2017,1217224
NR,DK,2017,1304253
NR,DK,2017,587335
NR,EE,2017,1315635
NR,EL,2017,3773559
NR,EL,2017,203700
NR,EL,2017,338383
NR,EL,2017,632674
NR,EL,2017,602799
NR,EL,2017,1880122
NR,EL,2017,271488
NR,EL,2017,335250
NR,EL,2017,725874
NR,EL,2017,205431
NR,EL,2017,663970
NR,EL,2017,555761
NR,EL,2017,579182
NR,ES,2017,2710216
NR,ES,2017,1034302
NR,ES,2017,581490
NR,ES,2017,2167323
NR,ES,2017,640353
NR,ES,2017,312624
NR,ES,2017,1316072
NR,ES,2017,6476838
NR,ES,2017,2435951
NR,ES,2017,2040977
NR,ES,2017,1077525
NR,ES,2017,7441284
NR,ES,2017,4935182
NR,ES,2017,1150962
NR,ES,2017,8408976
NR,ES,2017,1472991
NR,ES,2017,85034
NR,ES,2017,84946
NR,ES,2017,2154978
NR,FI,2017,1380593
NR,FI,2017,1638293
NR,FI,2017,1159174
NR,FI,2017,1296023
NR,FI,2017,29214
NR,FR,2017,12174880
NR,FR,2017,2576252
NR,FR,2017,1632887
NR,FR,2017,1178536
NR,FR,2017,1474257
NR,FR,2017,1856221
NR,FR,2017,4072379
NR,FR,2017,1931436
NR,FR,2017,1889589
NR,FR,2017,1328134
NR,FR,2017,2331863
NR,FR,2017,3757600
NR,FR,2017,3318904
NR,FR,2017,3414585
NR,FR,2017,734528
NR,FR,2017,1807865
NR,FR,2017,2810383
NR,FR,2017,3034719
NR,FR,2017,1364156
NR,FR,2017,6584131
NR,FR,2017,5030890
NR,FR,2017,334938
NR,FR,2017,0
NR,FR,2017,425587
NR,FR,2017,372594
NR,FR,2017,268700
NR,FR,2017,853659
NR,FR,2017,250143
NR,HR,2017,1387363
NR,HR,2017,2766850
NR,HU,2017,1752704
NR,HU,2017,1247372
NR,HU,2017,1056097
NR,HU,2017,983251
NR,HU,2017,894223
NR,HU,2017,1143902
NR,HU,2017,1468088
NR,HU,2017,1251924
NR,HU,2017,0
NR,IE,2017,848383
NR,IE,2017,1591718
NR,IE,2017,2344282
NR,IS,2017,338349
NR,IT,2017,4392526
NR,IT,2017,126883
NR,IT,2017,1565307
NR,IT,2017,10019166
NR,IT,2017,1322247
NR,IT,2017,310449
NR,IT,2017,5839084
NR,IT,2017,4063888
NR,IT,2017,570365
NR,IT,2017,1965128
NR,IT,2017,5056641
NR,IT,2017,1653135
NR,IT,2017,524256
NR,IT,2017,538604
NR,IT,2017,4907529
NR,IT,2017,1217872
NR,IT,2017,4448841
NR,IT,2017,3742437
NR,IT,2017,888908
NR,IT,2017,1538055
NR,IT,2017,5898124
NR,LI,2017,37810
NR,LT,2017,805173
NR,LT,2017,2042731
NR,LU,2017,590667
NR,LV,2017,1950116
NR,ME,2017,622387
NR,MK,2017,2073483
NR,MK,2017,219
NR,MT,2017,460297
NR,NL,2017,583581
NR,NL,2017,646874
NR,NL,2017,491792
NR,NL,2017,1147687
NR,NL,2017,2047901
NR,NL,2017,407818
NR,NL,2017,1284504
NR,NL,2017,2809483
NR,NL,2017,3650222
NR,NL,2017,381568
NR,NL,2017,2512531
NR,NL,2017,1117546
NR,NO,2017,1271127
NR,NO,2017,385669
NR,NO,2017,992962
NR,NO,2017,772813
NR,NO,2017,896503
NR,NO,2017,454596
NR,NO,2017,484647
NR,PL,2017,3339803
NR,PL,2017,4510528
NR,PL,2017,3457473
NR,PL,2017,1681246
NR,PL,2017,1004892
NR,PL,2017,2866218
NR,PL,2017,950710
NR,PL,2017,2060575
NR,PL,2017,1410641
NR,PL,2017,2285800
NR,PL,2017,2471620
NR,PL,2017,1237518
NR,PL,2017,2112787
NR,PL,2017,2084722
NR,PL,2017,1156947
NR,PL,2017,3002278
NR,PL,2017,2339206
NR,PT,2017,3584575
NR,PT,2017,441469
NR,PT,2017,2243934
NR,PT,2017,2821349
NR,PT,2017,718087
NR,PT,2017,245283
NR,PT,2017,254876
NR,RO,2017,2568282
NR,RO,2017,2332785
NR,RO,2017,3239540
NR,RO,2017,2447270
NR,RO,2017,3003394
NR,RO,2017,2287208
NR,RO,2017,1972979
NR,RO,2017,1792491
NR,RS,2017,1685797
NR,RS,2017,1876215
NR,RS,2017,1949486
NR,RS,2017,1528774
NR,SE,2017,2269060
NR,SE,2017,1664145
NR,SE,2017,847667
NR,SE,2017,1483018
NR,SE,2017,1992116
NR,SE,2017,848451
NR,SE,2017,374245
NR,SE,2017,516451
NR,SI,2017,1091159
NR,SI,2017,974736
NR,SK,2017,641892
NR,SK,2017,1830751
NR,SK,2017,1342287
NR,SK,2017,1620413
NR,TR,2017,14804116
NR,TR,2017,1726260
NR,TR,2017,1715969
NR,TR,2017,4223545
NR,TR,2017,2997720
NR,TR,2017,3043846
NR,TR,2017,3964535
NR,TR,2017,3719652
NR,TR,2017,5346518
NR,TR,2017,2406913
NR,TR,2017,3017280
NR,TR,2017,3975522
NR,TR,2017,3189974
NR,TR,2017,1546995
NR,TR,2017,2401245
NR,TR,2017,1032260
NR,TR,2017,766303
NR,TR,2017,2752803
NR,TR,2017,2645584
NR,TR,2017,1078207
NR,TR,2017,1123161
NR,TR,2017,1711847
NR,TR,2017,2115729
NR,TR,2017,2715553
NR,TR,2017,3613746
NR,TR,2017,2179588
NR,UK,2017,1194437
NR,UK,2017,1446249
NR,UK,2017,498641
NR,UK,2017,2789735
NR,UK,2017,1487102
NR,UK,2017,924261
NR,UK,2017,1541473
NR,UK,2017,929189
NR,UK,2017,818141
NR,UK,2017,1389426
NR,UK,2017,2301000
NR,UK,2017,2187643
NR,UK,2017,1812852
NR,UK,2017,747996
NR,UK,2017,1338055
NR,UK,2017,1613788
NR,UK,2017,2883905
NR,UK,2017,2493326
NR,UK,2017,1841673
NR,UK,2017,1813609
NR,UK,2017,1163136
NR,UK,2017,2367065
NR,UK,2017,1899556
NR,UK,2017,1295666
NR,UK,2017,2071842
NR,UK,2017,2385514
NR,UK,2017,2871387
NR,UK,2017,1973952
NR,UK,2017,1824794
NR,UK,2017,2474784
NR,UK,2017,1322286
NR,UK,2017,560526
NR,UK,2017,1180517
NR,UK,2017,1960764
NR,UK,2017,1158491
NR,UK,2017,491323
NR,UK,2017,469420
NR,UK,2017,1976392
NR,UK,2017,1531216
NR,UK,2017,946372
NR,UK,2017,1866638
NR,AL,2018,819793
NR,AL,2018,1162544
NR,AL,2018,887987
NR,AL,2018,0
NR,AT,2018,292675
NR,AT,2018,1670668
NR,AT,2018,1888776
NR,AT,2018,560898
NR,AT,2018,1240214
NR,AT,2018,1473576
NR,AT,2018,552579
NR,AT,2018,751140
NR,AT,2018,391741
NR,BE,2018,1205492
NR,BE,2018,1849523
NR,BE,2018,872739
NR,BE,2018,1506232
NR,BE,2018,1138546
NR,BE,2018,1192254
NR,BE,2018,401508
NR,BE,2018,1343756
NR,BE,2018,1108371
NR,BE,2018,285010
NR,BE,2018,495158
NR,BG,2018,755956
NR,BG,2018,794998
NR,BG,2018,933705
NR,BG,2018,1039549
NR,BG,2018,2108394
NR,BG,2018,1417432
NR,CH,2018,1629841
NR,CH,2018,1868886
NR,CH,2018,1151919
NR,CH,2018,1504346
NR,CH,2018,1169358
NR,CH,2018,806071
NR,CH,2018,353709
NR,CY,2018,864236
NR,CZ,2018,1294513
NR,CZ,2018,1352795
NR,CZ,2018,1221012
NR,CZ,2018,1116766
NR,CZ,2018,1510726
NR,CZ,2018,1692123
NR,CZ,2018,1216234
NR,CZ,2018,1205886
NR,DE,2018,4126688
NR,DE,2018,2795783
NR,DE,2018,2254674
NR,DE,2018,1846280
NR,DE,2018,4649534
NR,DE,2018,1230037
NR,DE,2018,1104407
NR,DE,2018,1066840
NR,DE,2018,1759643
NR,DE,2018,1313375
NR,DE,2018,1873368
NR,DE,2018,3613495
NR,DE,2018,2504040
NR,DE,2018,681032
NR,DE,2018,1830584
NR,DE,2018,3978050
NR,DE,2018,1045807
NR,DE,2018,1219405
NR,DE,2018,1611119
NR,DE,2018,1595734
NR,DE,2018,2144120
NR,DE,2018,1706464
NR,DE,2018,2516457
NR,DE,2018,5198820
NR,DE,2018,4454228
NR,DE,2018,2621153
NR,DE,2018,2054343
NR,DE,2018,3583590
NR,DE,2018,1493055
NR,DE,2018,529597
NR,DE,2018,2051027
NR,DE,2018,994187
NR,DE,2018,1598573
NR,DE,2018,1444953
NR,DE,2018,1037782
NR,DE,2018,2223081
NR,DE,2018,2889821
NR,DE,2018,2151205
NR,DK,2018,1822659
NR,DK,2018,835024
NR,DK,2018,1220763
NR,DK,2018,1313596
NR,DK,2018,589148
NR,EE,2018,1319133
NR,EL,2018,3756453
NR,EL,2018,211137
NR,EL,2018,340870
NR,EL,2018,633506
NR,EL,2018,601175
NR,EL,2018,1875996
NR,EL,2018,269222
NR,EL,2018,334337
NR,EL,2018,722065
NR,EL,2018,204562
NR,EL,2018,659470
NR,EL,2018,555623
NR,EL,2018,576749
NR,ES,2018,2703149
NR,ES,2018,1027624
NR,ES,2018,581294
NR,ES,2018,2170868
NR,ES,2018,643866
NR,ES,2018,312884
NR,ES,2018,1313135
NR,ES,2018,6549520
NR,ES,2018,2418556
NR,ES,2018,2032595
NR,ES,2018,1070453
NR,ES,2018,7488718
NR,ES,2018,4946233
NR,ES,2018,1166923
NR,ES,2018,8410095
NR,ES,2018,1475569
NR,ES,2018,85209
NR,ES,2018,84708
NR,ES,2018,2177048
NR,FI,2018,1380365
NR,FI,2018,1655624
NR,FI,2018,1157001
NR,FI,2018,1290651
NR,FI,2018,29489
NR,FR,2018,12213447
NR,FR,2018,2572853
NR,FR,2018,1628737
NR,FR,2018,1179070
NR,FR,2018,1471632
NR,FR,2018,1855845
NR,FR,2018,4072977
NR,FR,2018,1931131
NR,FR,2018,1898533
NR,FR,2018,1323396
NR,FR,2018,2328460
NR,FR,2018,3781423
NR,FR,2018,3335414
NR,FR,2018,3437398
NR,FR,2018,731285
NR,FR,2018,1811095
NR,FR,2018,2830361
NR,FR,2018,3055135
NR,FR,2018,1368536
NR,FR,2018,6625923
NR,FR,2018,5052832
NR,FR,2018,338554
NR,FR,2018,0
NR,FR,2018,421694
NR,FR,2018,368783
NR,FR,2018,276128
NR,FR,2018,855961
NR,FR,2018,259621
NR,HR,2018,1378339
NR,HR,2018,2727154
NR,HU,2018,1749734
NR,HU,2018,1261864
NR,HU,2018,1055570
NR,HU,2018,985457
NR,HU,2018,886840
NR,HU,2018,1134945
NR,HU,2018,1460096
NR,HU,2018,1243865
NR,HU,2018,0
NR,IE,2018,856252
NR,IE,2018,1604865
NR,IE,2018,2369275
NR,IS,2018,348450
NR,IT,2018,4375865
NR,IT,2018,126202
NR,IT,2018,1556981
NR,IT,2018,10036258
NR,IT,2018,1315196
NR,IT,2018,308493
NR,IT,2018,5826860
NR,IT,2018,4048242
NR,IT,2018,567118
NR,IT,2018,1956687
NR,IT,2018,5026989
NR,IT,2018,1648176
NR,IT,2018,527750
NR,IT,2018,539898
NR,IT,2018,4905037
NR,IT,2018,1215538
NR,IT,2018,4452629
NR,IT,2018,3736968
NR,IT,2018,884640
NR,IT,2018,1531753
NR,IT,2018,5896693
NR,LI,2018,38114
NR,LT,2018,805367
NR,LT,2018,2003534
NR,LU,2018,602005
NR,LV,2018,1934379
NR,ME,2018,622359
NR,MK,2018,2075108
NR,MK,2018,193
NR,MT,2018,475701
NR,NL,2018,582944
NR,NL,2018,647268
NR,NL,2018,492100
NR,NL,2018,1151501
NR,NL,2018,2060103
NR,NL,2018,411670
NR,NL,2018,1295484
NR,NL,2018,2831182
NR,NL,2018,3681044
NR,NL,2018,382304
NR,NL,2018,2528286
NR,NL,2018,1117198
NR,NO,2018,1287495
NR,NO,2018,386836
NR,NO,2018,999639
NR,NO,2018,777279
NR,NO,2018,899627
NR,NO,2018,458742
NR,NO,2018,486001
NR,PL,2018,3349498
NR,PL,2018,4500863
NR,PL,2018,3465605
NR,PL,2018,1678873
NR,PL,2018,1004127
NR,PL,2018,2865358
NR,PL,2018,948808
NR,PL,2018,2059748
NR,PL,2018,1408415
NR,PL,2018,2294926
NR,PL,2018,2462448
NR,PL,2018,1232016
NR,PL,2018,2105442
NR,PL,2018,2085877
NR,PL,2018,1154856
NR,PL,2018,3025034
NR,PL,2018,2334793
NR,PT,2018,3576205
NR,PT,2018,439617
NR,PT,2018,2231346
NR,PT,2018,2833679
NR,PT,2018,711950
NR,PT,2018,243862
NR,PT,2018,254368
NR,RO,2018,2560504
NR,RO,2018,2325371
NR,RO,2018,3222732
NR,RO,2018,2423059
NR,RO,2018,2965415
NR,RO,2018,2302291
NR,RO,2018,1949813
NR,RO,2018,1784296
NR,RS,2018,1688466
NR,RS,2018,1866815
NR,RS,2018,1932780
NR,RS,2018,1513383
NR,SE,2018,2308143
NR,SE,2018,1687810
NR,SE,2018,856887
NR,SE,2018,1504060
NR,SE,2018,2015607
NR,SE,2018,852201
NR,SE,2018,375774
NR,SE,2018,519760
NR,SI,2018,1089717
NR,SI,2018,977163
NR,SK,2018,650838
NR,SK,2018,1828428
NR,SK,2018,1340811
NR,SK,2018,1623043
NR,TR,2018,15029231
NR,TR,2018,1768368
NR,TR,2018,1735241
NR,TR,2018,4279677
NR,TR,2018,3038325
NR,TR,2018,3065961
NR,TR,2018,4019116
NR,TR,2018,3805481
NR,TR,2018,5445026
NR,TR,2018,2426821
NR,TR,2018,3063005
NR,TR,2018,4010406
NR,TR,2018,3230573
NR,TR,2018,1560774
NR,TR,2018,2416673
NR,TR,2018,1034922
NR,TR,2018,765874
NR,TR,2018,2773386
NR,TR,2018,2633417
NR,TR,2018,1072404
NR,TR,2018,1115810
NR,TR,2018,1726199
NR,TR,2018,2128670
NR,TR,2018,2756910
NR,TR,2018,3685654
NR,TR,2018,2222601
NR,UK,2018,1197992
NR,UK,2018,1450223
NR,UK,2018,498216
NR,UK,2018,2808080
NR,UK,2018,1490434
NR,UK,2018,927799
NR,UK,2018,1547607
NR,UK,2018,931065
NR,UK,2018,820874
NR,UK,2018,1397266
NR,UK,2018,2313390
NR,UK,2018,2199851
NR,UK,2018,1828762
NR,UK,2018,752671
NR,UK,2018,1344393
NR,UK,2018,1619877
NR,UK,2018,2908821
NR,UK,2018,2509078
NR,UK,2018,1859787
NR,UK,2018,1828948
NR,UK,2018,1173602
NR,UK,2018,2402934
NR,UK,2018,1924106
NR,UK,2018,1308866
NR,UK,2018,2090315
NR,UK,2018,2402507
NR,UK,2018,2892767
NR,UK,2018,1985074
NR,UK,2018,1840563
NR,UK,2018,2496022
NR,UK,2018,1329868
NR,UK,2018,564588
NR,UK,2018,1187825
NR,UK,2018,1963646
NR,UK,2018,1162876
NR,UK,2018,494624
NR,UK,2018,470743
NR,UK,2018,1988307
NR,UK,2018,1536415
NR,UK,2018,946837
NR,UK,2018,1875957
NR,AL,2019,813758
NR,AL,2019,1170142
NR,AL,2019,878527
NR,AL,2019,0
NR,AT,2019,293433
NR,AT,2019,1677542
NR,AT,2019,1897491
NR,AT,2019,560939
NR,AT,2019,1243052
NR,AT,2019,1482095
NR,AT,2019,555221
NR,AT,2019,754705
NR,AT,2019,394297
NR,BE,2019,1215290
NR,BE,2019,1860470
NR,BE,2019,875842
NR,BE,2019,1516283
NR,BE,2019,1146643
NR,BE,2019,1196995
NR,BE,2019,404270
NR,BE,2019,1346082
NR,BE,2019,1110068
NR,BE,2019,286685
NR,BE,2019,496891
NR,BG,2019,742304
NR,BG,2019,784168
NR,BG,2019,929035
NR,BG,2019,1032079
NR,BG,2019,2102205
NR,BG,2019,1410248
NR,CH,2019,1642580
NR,CH,2019,1877154
NR,CH,2019,1161105
NR,CH,2019,1520968
NR,CH,2019,1176321
NR,CH,2019,813056
NR,CH,2019,353343
NR,CY,2019,875899
NR,CZ,2019,1308632
NR,CZ,2019,1369332
NR,CZ,2019,1226805
NR,CZ,2019,1115685
NR,CZ,2019,1513693
NR,CZ,2019,1696941
NR,CZ,2019,1215413
NR,CZ,2019,1203299
NR,DE,2019,4143418
NR,DE,2019,2805129
NR,DE,2019,2264469
NR,DE,2019,1856517
NR,DE,2019,4686163
NR,DE,2019,1238528
NR,DE,2019,1109269
NR,DE,2019,1067482
NR,DE,2019,1770401
NR,DE,2019,1317124
NR,DE,2019,1887754
NR,DE,2019,3644826
NR,DE,2019,2511917
NR,DE,2019,682986
NR,DE,2019,1841179
NR,DE,2019,3998724
NR,DE,2019,1047262
NR,DE,2019,1219823
NR,DE,2019,1609675
NR,DE,2019,1596396
NR,DE,2019,2149805
NR,DE,2019,1710914
NR,DE,2019,2525333
NR,DE,2019,5202321
NR,DE,2019,4468904
NR,DE,2019,2623619
NR,DE,2019,2055310
NR,DE,2019,3582497
NR,DE,2019,1495885
NR,DE,2019,531007
NR,DE,2019,2057952
NR,DE,2019,990509
NR,DE,2019,1598199
NR,DE,2019,1436445
NR,DE,2019,1043293
NR,DE,2019,2208321
NR,DE,2019,2896712
NR,DE,2019,2143145
NR,DK,2019,1835562
NR,DK,2019,836738
NR,DK,2019,1223348
NR,DK,2019,1320678
NR,DK,2019,589755
NR,EE,2019,1324820
NR,EL,2019,3742235
NR,EL,2019,221098
NR,EL,2019,344027
NR,EL,2019,634930
NR,EL,2019,599723
NR,EL,2019,1873777
NR,EL,2019,267008
NR,EL,2019,333696
NR,EL,2019,718640
NR,EL,2019,203869
NR,EL,2019,655189
NR,EL,2019,555960
NR,EL,2019,574447
NR,ES,2019,2700441
NR,ES,2019,1022205
NR,ES,2019,581641
NR,ES,2019,2177880
NR,ES,2019,649946
NR,ES,2019,313571
NR,ES,2019,1320586
NR,ES,2019,6641649
NR,ES,2019,2407733
NR,ES,2019,2034877
NR,ES,2019,1065424
NR,ES,2019,7566431
NR,ES,2019,4974969
NR,ES,2019,1188220
NR,ES,2019,8427405
NR,ES,2019,1487663
NR,ES,2019,84829
NR,ES,2019,84689
NR,ES,2019,2206901
NR,FI,2019,1379749
NR,FI,2019,1671024
NR,FI,2019,1152719
NR,FI,2019,1284638
NR,FI,2019,29789
NR,FR,2019,12252917
NR,FR,2019,2569510
NR,FR,2019,1623815
NR,FR,2019,1177762
NR,FR,2019,1467715
NR,FR,2019,1853117
NR,FR,2019,4066719
NR,FR,2019,1929189
NR,FR,2019,1903646
NR,FR,2019,1317548
NR,FR,2019,2322213
NR,FR,2019,3800348
NR,FR,2019,3347004
NR,FR,2019,3458041
NR,FR,2019,728859
NR,FR,2019,1812353
NR,FR,2019,2847554
NR,FR,2019,3071427
NR,FR,2019,1370432
NR,FR,2019,6660101
NR,FR,2019,5065696
NR,FR,2019,342256
NR,FR,2019,0
NR,FR,2019,417161
NR,FR,2019,364413
NR,FR,2019,282107
NR,FR,2019,856547
NR,FR,2019,269186
NR,HR,2019,1374071
NR,HR,2019,2702175
NR,HU,2019,1752286
NR,HU,2019,1278874
NR,HU,2019,1058236
NR,HU,2019,989343
NR,HU,2019,879596
NR,HU,2019,1126360
NR,HU,2019,1450960
NR,HU,2019,1237101
NR,HU,2019,0
NR,IE,2019,867947
NR,IE,2019,1624381
NR,IE,2019,2411912
NR,IS,2019,356991
NR,IT,2019,4328565
NR,IT,2019,125653
NR,IT,2019,1532980
NR,IT,2019,10010833
NR,IT,2019,1300645
NR,IT,2019,303790
NR,IT,2019,5740291
NR,IT,2019,3975528
NR,IT,2019,558587
NR,IT,2019,1912021
NR,IT,2019,4908548
NR,IT,2019,1622257
NR,IT,2019,530313
NR,IT,2019,543721
NR,IT,2019,4884590
NR,IT,2019,1210414
NR,IT,2019,4459453
NR,IT,2019,3701343
NR,IT,2019,873744
NR,IT,2019,1520321
NR,IT,2019,5773076
NR,LI,2019,38378
NR,LT,2019,810538
NR,LT,2019,1983646
NR,LU,2019,613894
NR,LV,2019,1919968
NR,ME,2019,622182
NR,MK,2019,2076953
NR,MK,2019,179
NR,MT,2019,493559
NR,NL,2019,583990
NR,NL,2019,647672
NR,NL,2019,492167
NR,NL,2019,1156431
NR,NL,2019,2071972
NR,NL,2019,416546
NR,NL,2019,1306912
NR,NL,2019,2853359
NR,NL,2019,3709139
NR,NL,2019,383032
NR,NL,2019,2544806
NR,NL,2019,1116137
NR,NO,2019,1305122
NR,NO,2019,386951
NR,NO,2019,1005070
NR,NO,2019,780898
NR,NO,2019,901689
NR,NO,2019,462032
NR,NO,2019,486450
NR,PL,2019,3360545
NR,PL,2019,4488998
NR,PL,2019,3473172
NR,PL,2019,1675502
NR,PL,2019,1003310
NR,PL,2019,2865072
NR,PL,2019,946038
NR,PL,2019,2055433
NR,PL,2019,1404441
NR,PL,2019,2305077
NR,PL,2019,2453167
NR,PL,2019,1226243
NR,PL,2019,2097294
NR,PL,2019,2086135
NR,PL,2019,1152074
NR,PL,2019,3053104
NR,PL,2019,2327207
NR,PT,2019,3572583
NR,PT,2019,438864
NR,PT,2019,2216569
NR,PT,2019,2846332
NR,PT,2019,705478
NR,PT,2019,242846
NR,PT,2019,253945
NR,RO,2019,2552112
NR,RO,2019,2318272
NR,RO,2019,3198564
NR,RO,2019,2396171
NR,RO,2019,2929832
NR,RO,2019,2315173
NR,RO,2019,1926860
NR,RO,2019,1777474
NR,RS,2019,1691919
NR,RS,2019,1856911
NR,RS,2019,1916855
NR,RS,2019,1498079
NR,SE,2019,2344124
NR,SE,2019,1708813
NR,SE,2019,864630
NR,SE,2019,1521848
NR,SE,2019,2039166
NR,SE,2019,855220
NR,SE,2019,375733
NR,SE,2019,520651
NR,SI,2019,1094435
NR,SI,2019,986473
NR,SK,2019,659598
NR,SK,2019,1826145
NR,SK,2019,1339242
NR,SK,2019,1625436
NR,TR,2019,15067724
NR,TR,2019,1802315
NR,TR,2019,1767237
NR,TR,2019,4320519
NR,TR,2019,3093015
NR,TR,2019,3100666
NR,TR,2019,4089156
NR,TR,2019,3878979
NR,TR,2019,5503985
NR,TR,2019,2457522
NR,TR,2019,3137694
NR,TR,2019,4034593
NR,TR,2019,3289122
NR,TR,2019,1603688
NR,TR,2019,2461269
NR,TR,2019,1046711
NR,TR,2019,819468
NR,TR,2019,2822353
NR,TR,2019,2719113
NR,TR,2019,1086156
NR,TR,2019,1124898
NR,TR,2019,1762077
NR,TR,2019,2167642
NR,TR,2019,2795617
NR,TR,2019,3768205
NR,TR,2019,2284158
NR,UK,2019,1201543
NR,UK,2019,1455437
NR,UK,2019,498083
NR,UK,2019,2822003
NR,UK,2019,1495318
NR,UK,2019,931347
NR,UK,2019,1553324
NR,UK,2019,932645
NR,UK,2019,824054
NR,UK,2019,1404971
NR,UK,2019,2324560
NR,UK,2019,2210381
NR,UK,2019,1843764
NR,UK,2019,756920
NR,UK,2019,1352539
NR,UK,2019,1626956
NR,UK,2019,2928377
NR,UK,2019,2521676
NR,UK,2019,1871847
NR,UK,2019,1841887
NR,UK,2019,1190513
NR,UK,2019,2430890
NR,UK,2019,1940638
NR,UK,2019,1316772
NR,UK,2019,2103443
NR,UK,2019,2417428
NR,UK,2019,2909838
NR,UK,2019,1993050
NR,UK,2019,1854717
NR,UK,2019,2516568
NR,UK,2019,1336003
NR,UK,2019,568612
NR,UK,2019,1195198
NR,UK,2019,1968383
NR,UK,2019,1168000
NR,UK,2019,495365
NR,UK,2019,470990
NR,UK,2019,1998699
NR,UK,2019,1541998
NR,UK,2019,947186
NR,UK,2019,
NR,AL,2020,804689
NR,AL,2020,1176240
NR,AL,2020,865026
NR,AL,2020,
NR,AT,2020,294436
NR,AT,2020,1684287
NR,AT,2020,1911191
NR,AT,2020,561293
NR,AT,2020,1246395
NR,AT,2020,1490279
NR,AT,2020,558410
NR,AT,2020,757634
NR,AT,2020,397139
NR,BE,2020,1223364
NR,BE,2020,1873095
NR,BE,2020,880602
NR,BE,2020,1526486
NR,BE,2020,1156470
NR,BE,2020,1202352
NR,BE,2020,406794
NR,BE,2020,1350295
NR,BE,2020,1113943
NR,BE,2020,289606
NR,BE,2020,499433
NR,BG,2020,728157
NR,BG,2020,773450
NR,BG,2020,924870
NR,BG,2020,1024115
NR,BG,2020,2094260
NR,BG,2020,1406630
NR,CH,2020,1654751
NR,CH,2020,1886584
NR,CH,2020,1171157
NR,CH,2020,1539275
NR,CH,2020,1183813
NR,CH,2020,818962
NR,CH,2020,351491
NR,CY,2020,888005
NR,CZ,2020,1324277
NR,CZ,2020,1385141
NR,CZ,2020,1233982
NR,CZ,2020,1115629
NR,CZ,2020,1517999
NR,CZ,2020,1701802
NR,CZ,2020,1214570
NR,CZ,2020,1200539
NR,DE,2020,4154223
NR,DE,2020,2810854
NR,DE,2020,2271351
NR,DE,2020,1863966
NR,DE,2020,4710865
NR,DE,2020,1244169
NR,DE,2020,1112102
NR,DE,2020,1065371
NR,DE,2020,1775169
NR,DE,2020,1317619
NR,DE,2020,1899442
NR,DE,2020,3669491
NR,DE,2020,2521893
NR,DE,2020,681202
NR,DE,2020,1847253
NR,DE,2020,4019961
NR,DE,2020,1048646
NR,DE,2020,1219473
NR,DE,2020,1608138
NR,DE,2020,1594929
NR,DE,2020,2148238
NR,DE,2020,1716448
NR,DE,2020,2533993
NR,DE,2020,5207457
NR,DE,2020,4478847
NR,DE,2020,2624625
NR,DE,2020,2055724
NR,DE,2020,3580568
NR,DE,2020,1498223
NR,DE,2020,533113
NR,DE,2020,2062567
NR,DE,2020,986887
NR,DE,2020,1596566
NR,DE,2020,1426380
NR,DE,2020,1049025
NR,DE,2020,2194782
NR,DE,2020,2903773
NR,DE,2020,2133378
NR,DK,2020,1846023
NR,DK,2020,837359
NR,DK,2020,1223105
NR,DK,2020,1326340
NR,DK,2020,589936
NR,EE,2020,1328976
NR,EL,2020,3738901
NR,EL,2020,229516
NR,EL,2020,347512
NR,EL,2020,636504
NR,EL,2020,598613
NR,EL,2020,1872102
NR,EL,2020,264670
NR,EL,2020,333265
NR,EL,2020,715115
NR,EL,2020,203149
NR,EL,2020,651065
NR,EL,2020,556002
NR,EL,2020,572151
NR,ES,2020,2702592
NR,ES,2020,1018899
NR,ES,2020,582388
NR,ES,2020,2189138
NR,ES,2020,656509
NR,ES,2020,315931
NR,ES,2020,1330333
NR,ES,2020,6747068
NR,ES,2020,2401307
NR,ES,2020,2045554
NR,ES,2020,1061979
NR,ES,2020,7652348
NR,ES,2020,5029341
NR,ES,2020,1210725
NR,ES,2020,8478083
NR,ES,2020,1504869
NR,ES,2020,84085
NR,ES,2020,84473
NR,ES,2020,2236992
NR,FI,2020,1378652
NR,FI,2020,1689725
NR,FI,2020,1148794
NR,FI,2020,1278237
NR,FI,2020,29884
NR,FR,2020,12291557
NR,FR,2020,2565726
NR,FR,2020,1618321
NR,FR,2020,1176196
NR,FR,2020,1463606
NR,FR,2020,1849826
NR,FR,2020,4061166
NR,FR,2020,1926629
NR,FR,2020,1908494
NR,FR,2020,1311830
NR,FR,2020,2315678
NR,FR,2020,3818421
NR,FR,2020,3358524
NR,FR,2020,3478538
NR,FR,2020,726253
NR,FR,2020,1813633
NR,FR,2020,2864782
NR,FR,2020,3087068
NR,FR,2020,1371820
NR,FR,2020,6692326
NR,FR,2020,5077582
NR,FR,2020,345867
NR,FR,2020,0
NR,FR,2020,412682
NR,FR,2020,359821
NR,FR,2020,288086
NR,FR,2020,856858
NR,FR,2020,278926
NR,HR,2020,1373802
NR,HR,2020,2684363
NR,HU,2020,1750216
NR,HU,2020,1297102
NR,HU,2020,1060755
NR,HU,2020,994549
NR,HU,2020,874573
NR,HU,2020,1118577
NR,HU,2020,1442660
NR,HU,2020,1231094
NR,HU,2020,0
NR,IE,2020,877832
NR,IE,2020,1641057
NR,IE,2020,2445551
NR,IS,2020,364134
NR,IT,2020,4311217
NR,IT,2020,125034
NR,IT,2020,1524826
NR,IT,2020,10027602
NR,IT,2020,1293941
NR,IT,2020,300516
NR,IT,2020,5712143
NR,IT,2020,3953305
NR,IT,2020,553254
NR,IT,2020,1894110
NR,IT,2020,4875290
NR,IT,2020,1611621
NR,IT,2020,532644
NR,IT,2020,545425
NR,IT,2020,4879133
NR,IT,2020,1206216
NR,IT,2020,4464119
NR,IT,2020,3692555
NR,IT,2020,870165
NR,IT,2020,1512672
NR,IT,2020,5755700
NR,LI,2020,38747
NR,LT,2020,820511
NR,LT,2020,1973579
NR,LU,2020,626108
NR,LV,2020,1907675
NR,ME,2020,621873
NR,MK,2020,2076087
NR,MK,2020,168
NR,MT,2020,514564
NR,NL,2020,585866
NR,NL,2020,649957
NR,NL,2020,493682
NR,NL,2020,1162406
NR,NL,2020,2085952
NR,NL,2020,423021
NR,NL,2020,1319231
NR,NL,2020,2879527
NR,NL,2020,3744299
NR,NL,2020,383488
NR,NL,2020,2562955
NR,NL,2020,1117201
NR,NO,2020,1326682
NR,NO,2020,387285
NR,NO,2020,1011472
NR,NO,2020,787123
NR,NO,2020,905335
NR,NO,2020,465136
NR,NO,2020,484547
NR,PL,2020,3371956
NR,PL,2020,4475460
NR,PL,2020,3479525
NR,PL,2020,1671605
NR,PL,2020,1001411
NR,PL,2020,2864809
NR,PL,2020,942233
NR,PL,2020,2050976
NR,PL,2020,1399038
NR,PL,2020,2316135
NR,PL,2020,2442685
NR,PL,2020,1218743
NR,PL,2020,2088292
NR,PL,2020,2084447
NR,PL,2020,1149389
NR,PL,2020,3082399
NR,PL,2020,2319035
NR,PT,2020,3575338
NR,PT,2020,438406
NR,PT,2020,2217285
NR,PT,2020,2863272
NR,PT,2020,704558
NR,PT,2020,242796
NR,PT,2020,254254
NR,RO,2020,2547429
NR,RO,2020,2314826
NR,RO,2020,3184215
NR,RO,2020,2377101
NR,RO,2020,2901376
NR,RO,2020,2322002
NR,RO,2020,1910409
NR,RO,2020,1771480
NR,RS,2020,1696192
NR,RS,2020,1847274
NR,RS,2020,1900429
NR,RS,2020,1482810
NR,SE,2020,2377081
NR,SE,2020,1727398
NR,SE,2020,870200
NR,SE,2020,1537433
NR,SE,2020,2059729
NR,SE,2020,857762
NR,SE,2020,376157
NR,SE,2020,521829
NR,SI,2020,1100012
NR,SI,2020,995849
NR,SK,2020,669592
NR,SK,2020,1823792
NR,SK,2020,1336785
NR,SK,2020,1627704
NR,TR,2020,15519267
NR,TR,2020,1831151
NR,TR,2020,1770777
NR,TR,2020,4367251
NR,TR,2020,3131322
NR,TR,2020,3119860
NR,TR,2020,4163022
NR,TR,2020,3961953
NR,TR,2020,5639076
NR,TR,2020,2485653
NR,TR,2020,3227410
NR,TR,2020,4078365
NR,TR,2020,3321755
NR,TR,2020,1608193
NR,TR,2020,2467565
NR,TR,2020,1042760
NR,TR,2020,793437
NR,TR,2020,2829953
NR,TR,2020,2690180
NR,TR,2020,1081652
NR,TR,2020,1118370
NR,TR,2020,1755735
NR,TR,2020,2174672
NR,TR,2020,2838319
NR,TR,2020,3829967
NR,TR,2020,2307332
NR,UK,2020,
NR,UK,2020,
NR,UK,2020,
NR,UK,2020,
NR,UK,2020,
NR,UK,2020,
NR,UK,2020,
NR,UK,2020,
NR,UK,2020,
NR,UK,2020,
NR,UK,2020,
NR,UK,2020,
NR,UK,2020,
NR,UK,2020,
NR,UK,2020,
NR,UK,2020,
NR,UK,2020,
NR,UK,2020,
NR,UK,2020,
NR,UK,2020,
NR,UK,2020,
NR,UK,2020,
NR,UK,2020,
NR,UK,2020,
NR,UK,2020,
NR,UK,2020,
NR,UK,2020,
NR,UK,2020,
NR,UK,2020,
NR,UK,2020,
NR,UK,2020,
NR,UK,2020,
NR,UK,2020,
NR,UK,2020,
NR,UK,2020,
NR,UK,2020,
NR,UK,2020,
NR,UK,2020,
NR,UK,2020,
NR,UK,2020,
NR,UK,2020,
