Unit,Age,Sex,Location,2009,2009_status,2010,2010_status,2011,2011_status,2012,2012_status,2013,2013_status,2014,2014_status,2015,2015_status,2016,2016_status,2017,2017_status,2018,2018_status,2019,2019_status,2020,2020_status
NR,TOTAL,T,AL,,ok,,ok,,ok,,ok,,ok,,ok,,ok,848059,ok,826904,ok,819793,ok,813758,ok,804689,ok
NR,TOTAL,T,AL,,ok,,ok,,ok,,ok,,ok,,ok,,ok,1110562,ok,1146183,ok,1162544,ok,1170142,ok,1176240,ok
NR,TOTAL,T,AL,,ok,,ok,,ok,,ok,,ok,,ok,,ok,927405,ok,903504,ok,887987,ok,878527,ok,865026,ok
NR,TOTAL,T,AL,,ok,,ok,,ok,,ok,,ok,,ok,,ok,,ok,,ok,0,ok,0,ok,,ok
NR,TOTAL,T,AT,282777,ok,283697,ok,284581,ok,285782,ok,286691,ok,287416,ok,288356,ok,291011,ok,291942,ok,292675,ok,293433,ok,294436,ok
NR,TOTAL,T,AT,1602958,ok,1605897,ok,1609474,ok,1614455,ok,1618592,ok,1625485,ok,1636778,ok,1653691,ok,1665753,ok,1670668,ok,1677542,ok,1684287,ok
NR,TOTAL,T,AT,1680135,ok,1689995,ok,1702855,ok,1717084,ok,1741246,ok,1766746,ok,1797337,ok,1840226,ok,1867582,ok,1888776,ok,1897491,ok,1911191,ok
NR,TOTAL,T,AT,559462,ok,557998,ok,556718,ok,556027,ok,555473,ok,555881,ok,557641,ok,560482,ok,561077,ok,560898,ok,560939,ok,561293,ok
NR,TOTAL,T,AT,1204795,ok,1205045,ok,1206611,ok,1208696,ok,1210971,ok,1215246,ok,1221570,ok,1232012,ok,1237298,ok,1240214,ok,1243052,ok,1246395,ok
NR,TOTAL,T,AT,1408619,ok,1409253,ok,1410222,ok,1413866,ok,1418498,ok,1425422,ok,1437251,ok,1453948,ok,1465045,ok,1473576,ok,1482095,ok,1490279,ok
NR,TOTAL,T,AT,526699,ok,526730,ok,527886,ok,529704,ok,531898,ok,534270,ok,538575,ok,545815,ok,549263,ok,552579,ok,555221,ok,558410,ok
NR,TOTAL,T,AT,702502,ok,704662,ok,707517,ok,711581,ok,715888,ok,722038,ok,728826,ok,739139,ok,746153,ok,751140,ok,754705,ok,757634,ok
NR,TOTAL,T,AT,367056,ok,368366,ok,369300,ok,370926,ok,372603,ok,375282,ok,378592,ok,384147,ok,388752,ok,391741,ok,394297,ok,397139,ok
NR,TOTAL,T,BE,1068532,ok,1089538,ok,1136778,b,1151317,b,1165208,ok,1172751,b,1184101,ok,1201285,ok,1199095,ok,1205492,ok,1215290,ok,1223364,ok
NR,TOTAL,T,BE,1731174,ok,1744862,ok,1773267,b,1787490,b,1798605,ok,1806634,b,1817033,ok,1828927,ok,1838863,ok,1849523,ok,1860470,ok,1873095,ok
NR,TOTAL,T,BE,833160,ok,838505,ok,846851,b,851558,b,855213,ok,857844,b,861380,ok,866970,ok,869664,ok,872739,ok,875842,ok,880602,ok
NR,TOTAL,T,BE,1420415,ok,1432326,ok,1448928,b,1457428,b,1463614,ok,1471126,b,1479049,ok,1489084,ok,1498483,ok,1506232,ok,1516283,ok,1526486,ok
NR,TOTAL,T,BE,1068838,ok,1076924,ok,1088692,b,1096284,b,1102907,ok,1108408,b,1114590,ok,1122600,ok,1130644,ok,1138546,ok,1146643,ok,1156470,ok
NR,TOTAL,T,BE,1155290,ok,1159366,ok,1168002,b,1172795,b,1175903,ok,1177935,b,1180957,ok,1184418,ok,1188407,ok,1192254,ok,1196995,ok,1202352,ok
NR,TOTAL,T,BE,375645,ok,379515,ok,383648,b,386683,b,389308,ok,391609,b,394344,ok,397745,ok,399735,ok,401508,ok,404270,ok,406794,ok
NR,TOTAL,T,BE,1304436,ok,1309880,ok,1319745,b,1325819,b,1331455,ok,1334423,b,1337780,ok,1341267,ok,1342053,ok,1343756,ok,1346082,ok,1350295,ok
NR,TOTAL,T,BE,1060035,ok,1067685,ok,1082136,b,1088074,b,1093191,ok,1095661,b,1098903,ok,1103490,ok,1106039,ok,1108371,ok,1110068,ok,1113943,ok
NR,TOTAL,T,BE,266950,ok,269023,ok,273205,b,275713,b,277690,ok,278219,b,280261,ok,283257,ok,284617,ok,285010,ok,286685,ok,289606,ok
NR,TOTAL,T,BE,468605,ok,472281,ok,479386,b,482728,b,484880,ok,486230,b,488876,ok,492074,ok,494127,ok,495158,ok,496891,ok,499433,ok
NR,TOTAL,T,BG,881573,ok,865332,ok,848230,ok,836601,ok,823469,ok,810401,ok,797142,ok,783909,ok,769623,ok,755956,ok,742304,ok,728157,ok
NR,TOTAL,T,BG,884857,ok,873801,ok,862120,ok,853468,ok,844511,ok,835813,ok,825536,ok,815441,ok,805441,ok,794998,ok,784168,ok,773450,ok
NR,TOTAL,T,BG,976062,ok,971932,ok,966328,ok,961965,ok,957460,ok,954536,ok,949957,ok,944458,ok,939262,ok,933705,ok,929035,ok,924870,ok
NR,TOTAL,T,BG,1094253,ok,1087181,ok,1078597,ok,1072850,ok,1067981,ok,1063690,ok,1058515,ok,1052575,ok,1046125,ok,1039549,ok,1032079,ok,1024115,ok
NR,TOTAL,T,BG,2129855,ok,2132634,ok,2133731,ok,2131233,ok,2128783,ok,2127618,ok,2125212,ok,2121185,ok,2115344,ok,2108394,ok,2102205,ok,2094260,ok
NR,TOTAL,T,BG,1500519,ok,1490886,ok,1480425,ok,1471107,ok,1462348,ok,1453619,ok,1445836,ok,1436216,ok,1426064,ok,1417432,ok,1410248,ok,1406630,ok
NR,TOTAL,T,CH,1437592,ok,1462210,ok,1483680,b,1503500,ok,1519189,ok,1545817,ok,1570594,ok,1593839,ok,1613522,ok,1629841,ok,1642580,ok,1654751,ok
NR,TOTAL,T,CH,1730412,ok,1741923,ok,1755696,b,1770429,ok,1788791,ok,1808480,ok,1826251,ok,1842251,ok,1859557,ok,1868886,ok,1877154,ok,1886584,ok
NR,TOTAL,T,CH,1049518,ok,1060753,ok,1070820,b,1079913,ok,1091302,ok,1104353,ok,1117158,ok,1128723,ok,1142156,ok,1151919,ok,1161105,ok,1171157,ok
NR,TOTAL,T,CH,1332727,ok,1351297,ok,1373068,b,1392396,ok,1408575,ok,1425538,ok,1446354,ok,1466424,ok,1487969,ok,1504346,ok,1520968,ok,1539275,ok
NR,TOTAL,T,CH,1085698,ok,1094202,ok,1103641,b,1113929,ok,1123672,ok,1134781,ok,1144572,ok,1153485,ok,1162684,ok,1169358,ok,1176321,ok,1183813,ok
NR,TOTAL,T,CH,733173,ok,739701,ok,749476,b,757552,ok,765879,ok,774123,ok,782374,ok,790458,ok,799287,ok,806071,ok,813056,ok,818962,ok
NR,TOTAL,T,CH,332736,ok,335720,ok,333753,b,336943,ok,341652,ok,346539,ok,350363,ok,351946,ok,354375,ok,353709,ok,353343,ok,351491,ok
NR,TOTAL,T,CY,796930,ok,819140,b,839751,ok,862011,ok,865878,ok,858000,ok,847008,ok,848319,ok,854802,ok,864236,ok,875899,ok,888005,ok
NR,TOTAL,T,CZ,1214300,ok,1227932,ok,1234037,ok,1241664,ok,1246780,ok,1243201,ok,1259079,ok,1267449,ok,1280508,ok,1294513,ok,1308632,ok,1324277,ok
NR,TOTAL,T,CZ,1230405,ok,1247330,ok,1264986,ok,1279345,ok,1291816,ok,1302336,ok,1315299,ok,1326876,ok,1338982,ok,1352795,ok,1369332,ok,1385141,ok
NR,TOTAL,T,CZ,1202477,ok,1205834,ok,1207027,ok,1207847,ok,1209298,ok,1210176,ok,1212423,ok,1214450,ok,1217411,ok,1221012,ok,1226805,ok,1233982,ok
NR,TOTAL,T,CZ,1134887,ok,1133425,ok,1132252,ok,1131191,ok,1128490,ok,1125429,ok,1123265,ok,1120654,ok,1118126,ok,1116766,ok,1115685,ok,1115629,ok
NR,TOTAL,T,CZ,1503865,ok,1506467,ok,1508735,ok,1508867,ok,1507980,ok,1506503,ok,1506813,ok,1507209,ok,1508527,ok,1510726,ok,1513693,ok,1517999,ok
NR,TOTAL,T,CZ,1666778,ok,1671993,ok,1675872,ok,1678250,ok,1679857,ok,1680287,ok,1682748,ok,1684500,ok,1687764,ok,1692123,ok,1696941,ok,1701802,ok
NR,TOTAL,T,CZ,1230437,ok,1229931,ok,1229117,ok,1227668,ok,1225302,ok,1222655,ok,1220972,ok,1219394,ok,1217623,ok,1216234,ok,1215413,ok,1214570,ok
NR,TOTAL,T,CZ,1242634,ok,1239176,ok,1234705,ok,1230613,ok,1226602,ok,1221832,ok,1217676,ok,1213311,ok,1209879,ok,1205886,ok,1203299,ok,1200539,ok
NR,TOTAL,T,DE,4006313,ok,4000848,ok,3910637,b,3924922,ok,3947568,ok,3972881,ok,4008288,ok,4069533,ok,4098278,ok,4126688,ok,4143418,ok,4154223,ok
NR,TOTAL,T,DE,2740164,ok,2740503,ok,2663588,b,2671524,ok,2686573,ok,2702831,ok,2721266,ok,2761977,ok,2779314,ok,2795783,ok,2805129,ok,2810854,ok
NR,TOTAL,T,DE,2195681,ok,2196018,ok,2142723,b,2150906,ok,2162340,ok,2174500,ok,2191622,ok,2224535,ok,2239734,ok,2254674,ok,2264469,ok,2271351,ok
NR,TOTAL,T,DE,1807348,ok,1807552,ok,1761557,b,1765089,ok,1772630,ok,1781066,ok,1795468,ok,1823573,ok,1834567,ok,1846280,ok,1856517,ok,1863966,ok
NR,TOTAL,T,DE,4335137,ok,4346465,ok,4313946,b,4363176,ok,4415649,ok,4469342,ok,4519979,ok,4588944,ok,4633323,ok,4649534,ok,4686163,ok,4710865,ok
NR,TOTAL,T,DE,1191910,ok,1189194,ok,1172475,b,1175923,ok,1181472,ok,1189153,ok,1197558,ok,1212119,ok,1219397,ok,1230037,ok,1238528,ok,1244169,ok
NR,TOTAL,T,DE,1083780,ok,1081417,ok,1071424,b,1072091,ok,1074738,ok,1077991,ok,1082761,ok,1092339,ok,1098378,ok,1104407,ok,1109269,ok,1112102,ok
NR,TOTAL,T,DE,1082516,ok,1076400,ok,1065322,b,1061573,ok,1058711,ok,1056365,ok,1055955,ok,1059358,ok,1062394,ok,1066840,ok,1067482,ok,1065371,ok
NR,TOTAL,T,DE,1712405,ok,1710145,ok,1679849,b,1688414,ok,1698515,ok,1707376,ok,1715195,ok,1738686,ok,1750059,ok,1759643,ok,1770401,ok,1775169,ok
NR,TOTAL,T,DE,1327497,ok,1321957,ok,1302144,b,1299076,ok,1297727,ok,1297992,ok,1298849,ok,1306048,ok,1309209,ok,1313375,ok,1317124,ok,1317619,ok
NR,TOTAL,T,DE,1786483,ok,1784753,ok,1778244,b,1783119,ok,1792759,ok,1806025,ok,1821271,ok,1846020,ok,1857991,ok,1873368,ok,1887754,ok,1899442,ok
NR,TOTAL,T,DE,3431675,ok,3442675,ok,3278346,b,3326002,ok,3375222,ok,3421829,ok,3469849,ok,3520031,ok,3574830,ok,3613495,ok,3644826,ok,3669491,ok
NR,TOTAL,T,DE,2522493,ok,2511525,ok,2461242,b,2453180,ok,2449511,ok,2449193,ok,2457872,ok,2484826,ok,2494648,ok,2504040,ok,2511917,ok,2521893,ok
NR,TOTAL,T,DE,661866,ok,661716,ok,651467,b,652182,ok,654774,ok,657391,ok,661888,ok,671489,ok,678753,ok,681032,ok,682986,ok,681202,ok
NR,TOTAL,T,DE,1772100,ok,1774224,ok,1705700,b,1718187,ok,1734272,ok,1746342,ok,1762791,ok,1787408,ok,1810438,ok,1830584,ok,1841179,ok,1847253,ok
NR,TOTAL,T,DE,3784767,ok,3792941,ok,3734199,b,3763611,ok,3791381,ok,3822479,ok,3863818,ok,3922369,ok,3951234,ok,3978050,ok,3998724,ok,4019961,ok
NR,TOTAL,T,DE,1048683,ok,1044269,ok,1027159,b,1025525,ok,1023277,ok,1023150,ok,1029020,ok,1040091,ok,1043643,ok,1045807,ok,1047262,ok,1048646,ok
NR,TOTAL,T,DE,1231503,ok,1224741,ok,1208050,b,1204635,ok,1201823,ok,1199796,ok,1201050,ok,1213712,ok,1218211,ok,1219405,ok,1219823,ok,1219473,ok
NR,TOTAL,T,DE,1664356,ok,1651216,ok,1614789,b,1606899,ok,1600327,ok,1596505,ok,1599138,ok,1612362,ok,1610674,ok,1611119,ok,1609675,ok,1608138,ok
NR,TOTAL,T,DE,1623649,ok,1616720,ok,1579623,b,1575968,ok,1574527,ok,1574936,ok,1579754,ok,1598164,ok,1595609,ok,1595734,ok,1596396,ok,1594929,ok
NR,TOTAL,T,DE,2149181,ok,2142440,ok,2093945,b,2093431,ok,2094931,ok,2099079,ok,2108413,ok,2132290,ok,2139976,ok,2144120,ok,2149805,ok,2148238,ok
NR,TOTAL,T,DE,1696643,ok,1693654,ok,1669999,b,1667127,ok,1667332,ok,1670199,ok,1677715,ok,1699969,ok,1703945,ok,1706464,ok,1710914,ok,1716448,ok
NR,TOTAL,T,DE,2477771,ok,2476001,ok,2435261,b,2437727,ok,2442205,ok,2446345,ok,2460857,ok,2496176,ok,2506155,ok,2516457,ok,2525333,ok,2533993,ok
NR,TOTAL,T,DE,5191042,ok,5172839,ok,5081231,b,5077103,ok,5081061,ok,5088748,ok,5108290,ok,5173623,ok,5190790,ok,5198820,ok,5202321,ok,5207457,ok
NR,TOTAL,T,DE,4386271,ok,4383044,ok,4282911,b,4299064,ok,4315912,ok,4333015,ok,4361724,ok,4422371,ok,4439416,ok,4454228,ok,4468904,ok,4478847,ok
NR,TOTAL,T,DE,2605365,ok,2597636,ok,2568358,b,2572221,ok,2572390,ok,2574148,ok,2580664,ok,2614229,ok,2619376,ok,2621153,ok,2623619,ok,2624625,ok
NR,TOTAL,T,DE,2050638,ok,2043212,ok,2031337,b,2027126,ok,2025415,ok,2024392,ok,2029648,ok,2057996,ok,2054205,ok,2054343,ok,2055310,ok,2055724,ok
NR,TOTAL,T,DE,3699748,ok,3676032,ok,3581355,b,3569424,ok,3559551,ok,3551553,ok,3557772,ok,3597297,ok,3586313,ok,3583590,ok,3582497,ok,3580568,ok
NR,TOTAL,T,DE,1499457,ok,1490711,ok,1486160,b,1480166,ok,1476237,ok,1474378,ok,1477202,ok,1488308,ok,1492187,ok,1493055,ok,1495885,ok,1498223,ok
NR,TOTAL,T,DE,515322,ok,513794,ok,518554,b,518370,ok,518289,ok,519136,ok,521863,ok,532715,ok,528728,ok,529597,ok,531007,ok,533113,ok
NR,TOTAL,T,DE,2013572,ok,2008170,ok,1989471,b,1991497,ok,1995752,ok,2000852,ok,2012517,ok,2031780,ok,2045138,ok,2051027,ok,2057952,ok,2062567,ok
NR,TOTAL,T,DE,1030324,ok,1022585,ok,1001879,b,997855,ok,994287,ok,990718,ok,989035,ok,995597,ok,996651,ok,994187,ok,990509,ok,986887,ok
NR,TOTAL,T,DE,1638111,ok,1631486,ok,1594568,b,1591710,ok,1591320,ok,1590927,ok,1592765,ok,1602754,ok,1600155,ok,1598573,ok,1598199,ok,1596566,ok
NR,TOTAL,T,DE,,ok,,ok,1505254,b,1491442,ok,1480210,ok,1468954,ok,1463341,ok,1465612,ok,1454144,ok,1444953,ok,1436445,ok,1426380,ok
NR,TOTAL,T,DE,,ok,,ok,966434,b,971030,ok,978674,ok,986504,ok,999168,ok,1016485,ok,1027484,ok,1037782,ok,1043293,ok,1049025,ok
NR,TOTAL,T,DE,2381872,ok,2356219,ok,2297386,b,2276736,ok,2259393,ok,2244577,ok,2235548,ok,2245470,ok,2236252,ok,2223081,ok,2208321,ok,2194782,ok
NR,TOTAL,T,DE,2834260,ok,2832027,ok,2800134,b,2802266,ok,2806531,ok,2815955,ok,2830864,ok,2858714,ok,2881926,ok,2889821,ok,2896712,ok,2903773,ok
NR,TOTAL,T,DE,2267763,ok,2249882,ok,2195344,b,2181603,ok,2170460,ok,2160840,ok,2156759,ok,2170714,ok,2158128,ok,2151205,ok,2143145,ok,2133378,ok
NR,TOTAL,T,DK,1662285,ok,1680271,ok,1699387,ok,1714589,ok,1732068,ok,1749405,ok,1768125,ok,1789174,ok,1807404,ok,1822659,ok,1835562,ok,1846023,ok
NR,TOTAL,T,DK,821252,ok,820564,ok,819763,ok,817907,ok,816359,ok,816726,ok,820480,ok,827499,ok,832553,ok,835024,ok,836738,ok,837359,ok
NR,TOTAL,T,DK,1199667,ok,1200277,ok,1200656,ok,1201342,ok,1201419,ok,1202509,ok,1205728,ok,1211770,ok,1217224,ok,1220763,ok,1223348,ok,1223105,ok
NR,TOTAL,T,DK,1247732,ok,1253998,ok,1260993,ok,1266682,ok,1272510,ok,1277538,ok,1282750,ok,1293309,ok,1304253,ok,1313596,ok,1320678,ok,1326340,ok
NR,TOTAL,T,DK,580515,ok,579628,ok,579829,ok,579996,ok,580272,ok,581057,ok,582632,ok,585499,ok,587335,ok,589148,ok,589755,ok,589936,ok
NR,TOTAL,T,EE,1335740,ok,1333290,ok,1329660,ok,1325217,ok,1320174,ok,1315819,ok,1314870,b,1315944,ok,1315635,ok,1319133,ok,1324820,ok,1328976,ok
NR,TOTAL,T,EL,3999457,ok,4002871,ok,3992912,ok,3963887,ok,3912849,ok,3863763,ok,3822843,ok,3781274,ok,3773559,ok,3756453,ok,3742235,ok,3738901,ok
NR,TOTAL,T,EL,199517,ok,200179,ok,200831,ok,200591,ok,199478,ok,198581,ok,197695,ok,196654,ok,203700,ok,211137,ok,221098,ok,229516,ok
NR,TOTAL,T,EL,331815,ok,332652,ok,333983,ok,334780,ok,334652,ok,334802,ok,334865,ok,334791,ok,338383,ok,340870,ok,344027,ok,347512,ok
NR,TOTAL,T,EL,618317,ok,623113,ok,627144,ok,629367,ok,630085,ok,630889,ok,631513,ok,631812,ok,632674,ok,633506,ok,634930,ok,636504,ok
NR,TOTAL,T,EL,608639,ok,610112,ok,611573,ok,612074,ok,610102,ok,608214,ok,606490,ok,604504,ok,602799,ok,601175,ok,599723,ok,598613,ok
NR,TOTAL,T,EL,1913980,ok,1921906,ok,1925437,ok,1922590,ok,1912624,ok,1903360,ok,1893878,ok,1883339,ok,1880122,ok,1875996,ok,1873777,ok,1872102,ok
NR,TOTAL,T,EL,286672,ok,286450,ok,285899,ok,284061,ok,281324,ok,278706,ok,276423,ok,273843,ok,271488,ok,269222,ok,267008,ok,264670,ok
NR,TOTAL,T,EL,345167,ok,345960,ok,346503,ok,345437,ok,343128,ok,341046,ok,339142,ok,336834,ok,335250,ok,334337,ok,333696,ok,333265,ok
NR,TOTAL,T,EL,745569,ok,746976,ok,747690,ok,745839,ok,741593,ok,737686,ok,733663,ok,729442,ok,725874,ok,722065,ok,718640,ok,715115,ok
NR,TOTAL,T,EL,208161,ok,208675,ok,209221,ok,209131,ok,208241,ok,207664,ok,207059,ok,206141,ok,205431,ok,204562,ok,203869,ok,203149,ok
NR,TOTAL,T,EL,692990,ok,692269,ok,690904,ok,687935,ok,682583,ok,677727,ok,673263,ok,668258,ok,663970,ok,659470,ok,655189,ok,651065,ok
NR,TOTAL,T,EL,557291,ok,559655,ok,561693,ok,561670,ok,560093,ok,559214,ok,557753,ok,555830,ok,555761,ok,555623,ok,555960,ok,556002,ok
NR,TOTAL,T,EL,587170,ok,588471,ok,589602,ok,589044,ok,586863,ok,585155,ok,583431,ok,581026,ok,579182,ok,576749,ok,574447,ok,572151,ok
NR,TOTAL,T,ES,2767469,ok,2772466,ok,2773411,ok,2771916,ok,2761989,ok,2747226,ok,2734656,ok,2720102,ok,2710216,ok,2703149,ok,2700441,ok,2702592,ok
NR,TOTAL,T,ES,1076276,ok,1077102,ok,1075869,ok,1074308,ok,1067797,ok,1058975,ok,1049875,ok,1040925,ok,1034302,ok,1027624,ok,1022205,ok,1018899,ok
NR,TOTAL,T,ES,584657,ok,588512,ok,590867,ok,592383,ok,590036,ok,587682,ok,585359,ok,582504,ok,581490,ok,581294,ok,581641,ok,582388,ok
NR,TOTAL,T,ES,2174077,ok,2179521,ok,2183136,ok,2184696,ok,2177006,ok,2167166,ok,2165100,ok,2164066,ok,2167323,ok,2170868,ok,2177880,ok,2189138,ok
NR,TOTAL,T,ES,627286,ok,633023,ok,637100,ok,640014,ok,638948,ok,636450,ok,636402,ok,637486,ok,640353,ok,643866,ok,649946,ok,656509,ok
NR,TOTAL,T,ES,319788,ok,319934,ok,320858,ok,320951,ok,318647,ok,315223,ok,313569,ok,312810,ok,312624,ok,312884,ok,313571,ok,315931,ok
NR,TOTAL,T,ES,1342788,ok,1344181,ok,1344385,ok,1343807,ok,1338316,ok,1331301,ok,1326403,ok,1318571,ok,1316072,ok,1313135,ok,1320586,ok,1330333,ok
NR,TOTAL,T,ES,6327559,ok,6373546,ok,6394252,ok,6425522,ok,6414620,ok,6378297,ok,6385298,ok,6424275,ok,6476838,ok,6549520,ok,6641649,ok,6747068,ok
NR,TOTAL,T,ES,2549172,ok,2547401,ok,2545301,ok,2537685,ok,2518560,ok,2495689,ok,2478079,ok,2454454,ok,2435951,ok,2418556,ok,2407733,ok,2401307,ok
NR,TOTAL,T,ES,2066428,ok,2084468,ok,2099064,ok,2105935,ok,2094406,ok,2075197,ok,2062767,ok,2048900,ok,2040977,ok,2032595,ok,2034877,ok,2045554,ok
NR,TOTAL,T,ES,1094693,ok,1099610,ok,1102299,ok,1104336,ok,1100970,ok,1096421,ok,1091623,ok,1084969,ok,1077525,ok,1070453,ok,1065424,ok,1061979,ok
NR,TOTAL,T,ES,7427092,ok,7463488,ok,7493263,ok,7514991,ok,7480921,ok,7416237,ok,7396991,ok,7408290,ok,7441284,ok,7488718,ok,7566431,ok,7652348,ok
NR,TOTAL,T,ES,4981284,ok,4989631,ok,4999192,ok,5009650,ok,4987011,ok,4956427,ok,4939674,ok,4932347,ok,4935182,ok,4946233,ok,4974969,ok,5029341,ok
NR,TOTAL,T,ES,1070167,ok,1083679,ok,1091664,ok,1100715,ok,1110112,ok,1115841,ok,1124972,ok,1135527,ok,1150962,ok,1166923,ok,1188220,ok,1210725,ok
NR,TOTAL,T,ES,8212968,ok,8276008,ok,8332080,ok,8377810,ok,8393175,ok,8388875,ok,8399618,ok,8403774,ok,8408976,ok,8410095,ok,8427405,ok,8478083,ok
NR,TOTAL,T,ES,1441787,ok,1453543,ok,1459075,ok,1461925,ok,1461983,ok,1461803,ok,1463773,ok,1466474,ok,1472991,ok,1475569,ok,1487663,ok,1504869,ok
NR,TOTAL,T,ES,76927,ok,79294,ok,81621,ok,83845,ok,84539,ok,84674,ok,84692,ok,84652,ok,85034,ok,85209,ok,84829,ok,84085,ok
NR,TOTAL,T,ES,73365,ok,76049,ok,78866,ok,81792,ok,83620,ok,83870,ok,84570,ok,84764,ok,84946,ok,84708,ok,84689,ok,84473,ok
NR,TOTAL,T,ES,2025490,ok,2045163,ok,2064871,ok,2085938,ok,2105234,ok,2114845,ok,2126144,ok,2135209,ok,2154978,ok,2177048,ok,2206901,ok,2236992,ok
NR,TOTAL,T,FI,1349600,ok,1355168,ok,1360041,ok,1365259,ok,1370384,ok,1374403,ok,1377281,ok,1379116,ok,1380593,ok,1380365,ok,1379749,ok,1378652,ok
NR,TOTAL,T,FI,1501511,ok,1517542,ok,1532309,ok,1549058,ok,1566835,ok,1585473,ok,1603388,ok,1620261,ok,1638293,ok,1655624,ok,1671024,ok,1689725,ok
NR,TOTAL,T,FI,1151466,ok,1153839,ok,1156791,ok,1159039,ok,1160732,ok,1161882,ok,1161706,ok,1160491,ok,1159174,ok,1157001,ok,1152719,ok,1148794,ok
NR,TOTAL,T,FI,1296281,ok,1297144,ok,1298128,ok,1299557,ok,1300222,ok,1300846,ok,1300462,ok,1298457,ok,1296023,ok,1290651,ok,1284638,ok,1278237,ok
NR,TOTAL,T,FI,27456,ok,27734,ok,28007,ok,28354,ok,28501,ok,28666,ok,28916,ok,28983,ok,29214,ok,29489,ok,29789,ok,29884,ok
NR,TOTAL,T,FR,11728240,ok,11786234,ok,11852851,ok,11898502,ok,11959807,ok,12027565,ok,12082144,ok,12117132,ok,12174880,ok,12213447,ok,12252917,ok,12291557,ok
NR,TOTAL,T,FR,2538590,ok,2548065,ok,2556835,ok,2563586,ok,2570548,ok,2577435,ok,2578592,ok,2577866,ok,2576252,ok,2572853,ok,2569510,ok,2565726,ok
NR,TOTAL,T,FR,1642440,ok,1642115,ok,1642734,ok,1641130,ok,1642687,ok,1642551,ok,1641205,ok,1637941,ok,1632887,ok,1628737,ok,1623815,ok,1618321,ok
NR,TOTAL,T,FR,1168208,ok,1171763,ok,1173440,ok,1175684,ok,1177096,ok,1178072,ok,1179735,ok,1180397,ok,1178536,ok,1179070,ok,1177762,ok,1176196,ok
NR,TOTAL,T,FR,1470880,ok,1473494,ok,1475684,ok,1477209,ok,1478712,ok,1479378,ok,1479484,ok,1477349,ok,1474257,ok,1471632,ok,1467715,ok,1463606,ok
NR,TOTAL,T,FR,1832942,ok,1836954,ok,1839393,ok,1845547,ok,1849652,ok,1856267,ok,1859647,ok,1858580,ok,1856221,ok,1855845,ok,1853117,ok,1849826,ok
NR,TOTAL,T,FR,4033197,ok,4038157,ok,4042015,ok,4050756,ok,4060741,ok,4076061,ok,4077886,ok,4074448,ok,4072379,ok,4072977,ok,4066719,ok,4061166,ok
NR,TOTAL,T,FR,1911157,ok,1914844,ok,1918155,ok,1922342,ok,1927142,ok,1930095,ok,1932090,ok,1932422,ok,1931436,ok,1931131,ok,1929189,ok,1926629,ok
NR,TOTAL,T,FR,1843053,ok,1845687,ok,1852325,ok,1859869,ok,1868183,ok,1872949,ok,1879265,ok,1884150,ok,1889589,ok,1898533,ok,1903646,ok,1908494,ok
NR,TOTAL,T,FR,1337953,ok,1335923,ok,1336053,ok,1339270,ok,1339008,ok,1339299,ok,1338255,ok,1333248,ok,1328134,ok,1323396,ok,1317548,ok,1311830,ok
NR,TOTAL,T,FR,2350112,ok,2350920,ok,2350657,ok,2349816,ok,2345197,ok,2342397,ok,2341531,ok,2337788,ok,2331863,ok,2328460,ok,2322213,ok,2315678,ok
NR,TOTAL,T,FR,3539048,ok,3571495,ok,3601113,ok,3632614,ok,3660852,ok,3690833,ok,3718512,ok,3737632,ok,3757600,ok,3781423,ok,3800348,ok,3818421,ok
NR,TOTAL,T,FR,3175064,ok,3199066,ok,3217767,ok,3237097,ok,3258707,ok,3276543,ok,3293850,ok,3306529,ok,3318904,ok,3335414,ok,3347004,ok,3358524,ok
NR,TOTAL,T,FR,3206137,ok,3232352,ok,3254233,ok,3285970,ok,3316889,ok,3343326,ok,3370578,ok,3393297,ok,3414585,ok,3437398,ok,3458041,ok,3478538,ok
NR,TOTAL,T,FR,741785,ok,742771,ok,741072,ok,738633,ok,737509,ok,738120,ok,738031,ok,736015,ok,734528,ok,731285,ok,728859,ok,726253,ok
NR,TOTAL,T,FR,1760575,ok,1770363,ok,1777773,ok,1783991,ok,1789779,ok,1797698,ok,1802873,ok,1806291,ok,1807865,ok,1811095,ok,1812353,ok,1813633,ok
NR,TOTAL,T,FR,2610890,ok,2636350,ok,2670046,ok,2700266,ok,2729721,ok,2751592,ok,2772683,ok,2793303,ok,2810383,ok,2830361,ok,2847554,ok,2864782,ok
NR,TOTAL,T,FR,2862707,ok,2881756,ok,2903420,ok,2926592,ok,2954157,ok,2979161,ok,3001502,ok,3015132,ok,3034719,ok,3055135,ok,3071427,ok,3087068,ok
NR,TOTAL,T,FR,1343964,ok,1347387,ok,1350682,ok,1354104,ok,1357668,ok,1360461,ok,1362367,ok,1363392,ok,1364156,ok,1368536,ok,1370432,ok,1371820,ok
NR,TOTAL,T,FR,6174040,ok,6230691,ok,6283541,ok,6341160,ok,6399927,ok,6460505,ok,6515331,ok,6553497,ok,6584131,ok,6625923,ok,6660101,ok,6692326,ok
NR,TOTAL,T,FR,4889053,ok,4899155,ok,4916069,ok,4935576,ok,4953675,ok,4983438,ok,5007977,ok,5021928,ok,5030890,ok,5052832,ok,5065696,ok,5077582,ok
NR,TOTAL,T,FR,305674,ok,309693,ok,314486,ok,316257,ok,320208,ok,324212,ok,327283,ok,330455,ok,334938,ok,338554,ok,342256,ok,345867,ok
NR,TOTAL,T,FR,,ok,,ok,,ok,,ok,,ok,0,ok,0,ok,0,ok,0,ok,0,ok,0,ok,0,ok
NR,TOTAL,T,FR,,ok,,ok,,ok,,ok,437713,ok,435293,ok,433674,ok,429856,ok,425587,ok,421694,ok,417161,ok,412682,ok
NR,TOTAL,T,FR,396404,ok,394173,ok,392291,ok,388364,ok,385551,ok,383911,ok,380877,ok,376480,ok,372594,ok,368783,ok,364413,ok,359821,ok
NR,TOTAL,T,FR,224469,ok,229040,ok,237549,ok,239648,ok,244118,ok,252338,ok,259865,ok,269352,ok,268700,ok,276128,ok,282107,ok,288086,ok
NR,TOTAL,T,FR,816364,ok,821136,ok,828581,ok,833944,ok,835103,ok,842767,ok,850727,ok,852924,ok,853659,ok,855961,ok,856547,ok,856858,ok
NR,TOTAL,T,FR,,ok,,ok,,ok,,ok,,ok,223713,ok,232189,ok,240987,ok,250143,ok,259621,ok,269186,ok,278926,ok
NR,TOTAL,T,HR,1415015,ok,1415971,ok,1413426,ok,1410551,ok,1407798,ok,1405908,ok,1402229,ok,1394290,ok,1387363,ok,1378339,ok,1374071,ok,1373802,ok
NR,TOTAL,T,HR,2894781,ok,2886876,ok,2876431,ok,2865433,ok,2854342,ok,2840901,ok,2823087,ok,2796379,ok,2766850,ok,2727154,ok,2702175,ok,2684363,ok
NR,TOTAL,T,HU,1712210,ok,1721556,ok,1733685,ok,1727495,b,1735711,ok,1744665,ok,1757618,ok,1759407,ok,1752704,ok,1749734,ok,1752286,ok,1750216,ok
NR,TOTAL,T,HU,1213290,ok,1229880,ok,1237561,ok,1213323,b,1218172,ok,1220748,ok,1226115,ok,1234541,ok,1247372,ok,1261864,ok,1278874,ok,1297102,ok
NR,TOTAL,T,HU,1103132,ok,1098654,ok,1094104,ok,1079589,b,1074702,ok,1069190,ok,1063408,ok,1060703,ok,1056097,ok,1055570,ok,1058236,ok,1060755,ok
NR,TOTAL,T,HU,998187,ok,996390,ok,994698,ok,984399,b,985279,ok,984521,ok,983925,ok,983933,ok,983251,ok,985457,ok,989343,ok,994549,ok
NR,TOTAL,T,HU,952982,ok,947986,ok,940585,ok,931215,b,925180,ok,917492,ok,909130,ok,900868,ok,894223,ok,886840,ok,879596,ok,874573,ok
NR,TOTAL,T,HU,1223238,ok,1209142,ok,1194697,ok,1200831,b,1189441,ok,1176894,ok,1164813,ok,1153714,ok,1143902,ok,1134945,ok,1126360,ok,1118577,ok
NR,TOTAL,T,HU,1502409,ok,1492502,ok,1481922,ok,1498795,b,1491659,ok,1484375,ok,1479522,ok,1474383,ok,1468088,ok,1460096,ok,1450960,ok,1442660,ok
NR,TOTAL,T,HU,1325527,ok,1318214,ok,1308470,ok,1296278,b,1288654,ok,1279480,ok,1271040,ok,1262936,ok,1251924,ok,1243865,ok,1237101,ok,1231094,ok
NR,TOTAL,T,HU,0,ok,0,ok,0,ok,0,ok,0,ok,0,ok,0,ok,0,ok,0,ok,0,ok,0,ok,0,ok
NR,TOTAL,T,IE,,ok,,ok,,ok,832082,ok,834236,ok,833748,ok,833830,ok,839204,ok,848383,ok,856252,ok,867947,e,877832,ok
NR,TOTAL,T,IE,,ok,,ok,,ok,1547097,ok,1556247,ok,1563179,ok,1567206,ok,1575504,ok,1591718,ok,1604865,ok,1624381,e,1641057,ok
NR,TOTAL,T,IE,,ok,,ok,,ok,2210108,ok,2219296,ok,2240925,ok,2276591,ok,2311578,ok,2344282,ok,2369275,ok,2411912,e,2445551,ok
NR,TOTAL,T,IS,319368,ok,317630,ok,318452,ok,319575,ok,321857,ok,325671,ok,329100,ok,332529,ok,338349,ok,348450,ok,356991,ok,364134,ok
NR,TOTAL,T,IT,4356322,ok,4362041,ok,4364309,ok,4357663,ok,4374052,ok,4436798,ok,4424467,ok,4404246,ok,4392526,ok,4375865,ok,4328565,b,4311217,ok
NR,TOTAL,T,IT,126369,ok,126686,ok,126761,ok,126620,ok,127844,ok,128591,ok,128298,ok,127329,ok,126883,ok,126202,ok,125653,b,125034,ok
NR,TOTAL,T,IT,1577301,ok,1576443,ok,1574132,ok,1567339,ok,1565127,ok,1591939,ok,1583263,ok,1571053,ok,1565307,ok,1556981,ok,1532980,b,1524826,ok
NR,TOTAL,T,IT,9545515,ok,9600951,ok,9663872,ok,9700881,ok,9794525,ok,9973397,ok,10002615,ok,10008349,ok,10019166,ok,10036258,ok,10010833,b,10027602,ok
NR,TOTAL,T,IT,1306029,ok,1307778,ok,1307273,ok,1306416,ok,1312507,ok,1333939,ok,1331574,ok,1326513,ok,1322247,ok,1315196,ok,1300645,b,1293941,ok
NR,TOTAL,T,IT,316955,ok,315536,ok,314342,ok,313145,ok,313341,ok,314725,ok,313348,ok,312027,ok,310449,ok,308493,ok,303790,b,300516,ok
NR,TOTAL,T,IT,5750382,ok,5758375,ok,5765850,ok,5764424,ok,5769750,ok,5869965,ok,5861529,ok,5850850,ok,5839084,ok,5826860,ok,5740291,b,5712143,ok
NR,TOTAL,T,IT,4043827,ok,4048007,ok,4053668,ok,4050072,ok,4050803,ok,4090266,ok,4090105,ok,4077166,ok,4063888,ok,4048242,ok,3975528,b,3953305,ok
NR,TOTAL,T,IT,583556,ok,581140,ok,579358,ok,577562,ok,576194,ok,578391,ok,576619,ok,573694,ok,570365,ok,567118,ok,558587,b,553254,ok
NR,TOTAL,T,IT,1970780,ok,1966336,ok,1962856,ok,1958418,ok,1958238,ok,1980533,ok,1976631,ok,1970521,ok,1965128,ok,1956687,ok,1912021,b,1894110,ok
NR,TOTAL,T,IT,4990588,ok,4997429,ok,5005657,ok,4999854,ok,4999932,ok,5094937,ok,5092080,ok,5074261,ok,5056641,ok,5026989,ok,4908548,b,4875290,ok
NR,TOTAL,T,IT,1642583,ok,1641347,ok,1641681,ok,1637846,ok,1640379,ok,1663859,ok,1663286,ok,1658138,ok,1653135,ok,1648176,ok,1622257,b,1611621,ok
NR,TOTAL,T,IT,494559,ok,498315,ok,501815,ok,504708,ok,509626,ok,515714,ok,518518,ok,520891,ok,524256,ok,527750,ok,530313,b,532644,ok
NR,TOTAL,T,IT,514881,ok,518796,ok,522486,ok,524877,ok,530308,ok,536237,ok,537416,ok,538223,ok,538604,ok,539898,ok,543721,b,545425,ok
NR,TOTAL,T,IT,4827619,ok,4841933,ok,4851958,ok,4853657,ok,4881756,ok,4926818,ok,4927596,ok,4915123,ok,4907529,ok,4905037,ok,4884590,b,4879133,ok
NR,TOTAL,T,IT,1221392,ok,1221569,ok,1220849,ok,1217780,ok,1221860,ok,1229363,ok,1227122,ok,1221218,ok,1217872,ok,1215538,ok,1210414,b,1206216,ok
NR,TOTAL,T,IT,4277139,ok,4306684,ok,4331343,ok,4341240,ok,4377487,ok,4446354,ok,4450508,ok,4448146,ok,4448841,ok,4452629,ok,4459453,b,4464119,ok
NR,TOTAL,T,IT,3641389,ok,3657340,ok,3668948,ok,3667780,ok,3692828,ok,3750511,ok,3752654,ok,3744398,ok,3742437,ok,3736968,ok,3701343,b,3692555,ok
NR,TOTAL,T,IT,875261,ok,880202,ok,884010,ok,883215,ok,886239,ok,896742,ok,894762,ok,891181,ok,888908,ok,884640,ok,873744,b,870165,ok
NR,TOTAL,T,IT,1536302,ok,1540272,ok,1541950,ok,1540688,ok,1545155,ok,1553138,ok,1550796,ok,1543752,ok,1538055,ok,1531753,ok,1520321,b,1512672,ok
NR,TOTAL,T,IT,5401837,ok,5442963,ok,5481572,ok,5500022,ok,5557276,ok,5870451,ok,5892425,ok,5888472,ok,5898124,ok,5896693,ok,5773076,b,5755700,ok
NR,TOTAL,T,LI,35589,ok,35894,ok,36149,ok,36475,ok,36838,ok,37129,ok,37366,ok,37622,ok,37810,ok,38114,ok,38378,ok,38747,ok
NR,TOTAL,T,LT,826445,ok,824193,ok,811515,ok,805915,ok,806308,ok,806106,ok,807523,ok,805380,ok,805173,ok,805367,ok,810538,ok,820511,ok
NR,TOTAL,T,LT,2357411,ok,2317783,ok,2241073,ok,2197726,ok,2165597,ok,2137366,ok,2113739,ok,2083178,ok,2042731,ok,2003534,ok,1983646,ok,1973579,ok
NR,TOTAL,T,LU,493500,ok,502066,ok,511840,ok,524853,ok,537039,ok,549680,ok,562958,ok,576249,ok,590667,b,602005,ok,613894,ok,626108,ok
NR,TOTAL,T,LV,2162834,ok,2120504,ok,2074605,ok,2044813,ok,2023825,ok,2001468,ok,1986096,ok,1968957,ok,1950116,ok,1934379,ok,1919968,ok,1907675,ok
NR,TOTAL,T,ME,617157,ok,619001,ok,619850,ok,620308,ok,620893,ok,621521,ok,622099,ok,622218,ok,622387,ok,622359,ok,622182,ok,621873,ok
NR,TOTAL,T,MK,2048619,ok,2052722,ok,2057284,ok,2059794,p,2062294,ok,2065410,ok,2068864,ok,2070998,ok,2073483,ok,2075108,ok,2076953,ok,2076087,ok
NR,TOTAL,T,MK,,ok,,ok,,ok,,ok,,ok,359,ok,308,ok,280,ok,219,ok,193,ok,179,ok,168,ok
NR,TOTAL,T,MT,410926,ok,414027,ok,414989,ok,417546,ok,422509,ok,429424,ok,439691,ok,450415,ok,460297,ok,475701,ok,493559,ok,514564,ok
NR,TOTAL,T,NL,574092,ok,576668,ok,579036,ok,580875,ok,581705,ok,582728,ok,583942,ok,583721,ok,583581,ok,582944,ok,583990,ok,585866,ok
NR,TOTAL,T,NL,644811,ok,646305,ok,647282,ok,647214,ok,646862,ok,646317,ok,646257,ok,646040,ok,646874,ok,647268,ok,647672,ok,649957,ok
NR,TOTAL,T,NL,489918,ok,490981,ok,491411,ok,490807,ok,489918,ok,488988,ok,488576,ok,488629,ok,491792,ok,492100,ok,492167,ok,493682,ok
NR,TOTAL,T,NL,1125435,ok,1130345,ok,1134465,ok,1137668,ok,1139350,ok,1139697,ok,1140652,ok,1144280,ok,1147687,ok,1151501,ok,1156431,ok,1162406,ok
NR,TOTAL,T,NL,1991062,ok,1998936,ok,2004671,ok,2010745,ok,2015791,ok,2019692,ok,2026578,ok,2035351,ok,2047901,ok,2060103,ok,2071972,ok,2085952,ok
NR,TOTAL,T,NL,383449,ok,387881,ok,391967,ok,395525,ok,398441,ok,399893,ok,401791,ok,404068,ok,407818,ok,411670,ok,416546,ok,423021,ok
NR,TOTAL,T,NL,1210869,ok,1220910,ok,1228794,ok,1237117,ok,1245294,ok,1253672,ok,1263572,ok,1273613,ok,1284504,ok,1295484,ok,1306912,ok,1319231,ok
NR,TOTAL,T,NL,2646445,ok,2669084,ok,2691477,ok,2709822,ok,2724300,ok,2741369,ok,2761929,ok,2784854,ok,2809483,ok,2831182,ok,2853359,ok,2879527,ok
NR,TOTAL,T,NL,3481558,ok,3505611,ok,3528324,ok,3552407,ok,3563935,ok,3577032,ok,3600011,ok,3622303,ok,3650222,ok,3681044,ok,3709139,ok,3744299,ok
NR,TOTAL,T,NL,380984,ok,381409,ok,381530,ok,381407,ok,381077,ok,380621,ok,380726,ok,381252,ok,381568,ok,382304,ok,383032,ok,383488,ok
NR,TOTAL,T,NL,2434560,ok,2444158,ok,2454215,ok,2463686,ok,2471011,ok,2479274,ok,2488751,ok,2498749,ok,2512531,ok,2528286,ok,2544806,ok,2562955,ok
NR,TOTAL,T,NL,1122604,ok,1122701,ok,1122627,ok,1123075,ok,1121891,ok,1120006,ok,1117941,ok,1116260,ok,1117546,ok,1117198,ok,1116137,ok,1117201,ok
NR,TOTAL,T,NO,1103100,ok,1123359,ok,1144883,ok,1169539,ok,1190365,ok,1209992,ok,1232854,ok,1251687,ok,1271127,ok,1287495,ok,1305122,ok,1326682,ok
NR,TOTAL,T,NO,374359,ok,375925,ok,377709,ok,379938,ok,380973,ok,382230,ok,383985,ok,384221,ok,385669,ok,386836,ok,386951,ok,387285,ok
NR,TOTAL,T,NO,919900,ok,928852,ok,938827,ok,949963,ok,960653,ok,969415,ok,976682,ok,984764,ok,992962,ok,999639,ok,1005070,ok,1011472,ok
NR,TOTAL,T,NO,696166,ok,706823,ok,718543,ok,728934,ok,741284,ok,751632,ok,762031,ok,768179,ok,772813,ok,777279,ok,780898,ok,787123,ok
NR,TOTAL,T,NO,824865,ok,835517,ok,845886,ok,855399,ok,866239,ok,875475,ok,884316,ok,890719,ok,896503,ok,899627,ok,901689,ok,905335,ok
NR,TOTAL,T,NO,417437,ok,422102,ok,426206,ok,431340,ok,437198,ok,441193,ok,445838,ok,449457,ok,454596,ok,458742,ok,462032,ok,465136,ok
NR,TOTAL,T,NO,463425,ok,465621,ok,468251,ok,470757,ok,474563,ok,478033,ok,480787,ok,481694,ok,484647,ok,486001,ok,486450,ok,484547,ok
NR,TOTAL,T,PL,3287136,ok,3280603,b,3293551,ok,3303061,ok,3310450,ok,3316097,ok,3324579,ok,3330031,ok,3339803,ok,3349498,ok,3360545,ok,3371956,ok
NR,TOTAL,T,PL,4645665,ok,4590630,b,4585758,ok,4576485,ok,4566039,ok,4548177,ok,4535705,ok,4520567,ok,4510528,ok,4500863,ok,4488998,ok,4475460,ok
NR,TOTAL,T,PL,3397617,ok,3410721,b,3422705,ok,3430702,ok,3437751,ok,3441440,ok,3447689,ok,3450966,ok,3457473,ok,3465605,ok,3473172,ok,3479525,ok
NR,TOTAL,T,PL,1692957,ok,1696985,b,1697166,ok,1695822,ok,1694560,ok,1691400,ok,1688486,ok,1684025,ok,1681246,ok,1678873,ok,1675502,ok,1671605,ok
NR,TOTAL,T,PL,1008962,ok,1009605,b,1010700,ok,1010421,ok,1010582,ok,1008564,ok,1007442,ok,1005159,ok,1004892,ok,1004127,ok,1003310,ok,1001411,ok
NR,TOTAL,T,PL,2877059,ok,2876509,b,2878103,ok,2876855,ok,2875180,ok,2869579,ok,2868338,ok,2864624,ok,2866218,ok,2865358,ok,2865072,ok,2864809,ok
NR,TOTAL,T,PL,1033040,ok,975283,b,972986,ok,969541,ok,966167,ok,960226,ok,956913,ok,952557,ok,950710,ok,948808,ok,946038,ok,942233,ok
NR,TOTAL,T,PL,2067918,ok,2074489,b,2075129,ok,2074398,ok,2072655,ok,2068417,ok,2065846,ok,2062006,ok,2060575,ok,2059748,ok,2055433,ok,2050976,ok
NR,TOTAL,T,PL,1427073,ok,1428496,b,1428620,ok,1427162,ok,1425897,ok,1421264,ok,1418541,ok,1414734,ok,1410641,ok,1408415,ok,1404441,ok,1399038,ok
NR,TOTAL,T,PL,2219512,ok,2234955,b,2245568,ok,2253048,ok,2259485,ok,2264817,ok,2271559,ok,2277059,ok,2285800,ok,2294926,ok,2305077,ok,2316135,ok
NR,TOTAL,T,PL,,ok,,ok,,ok,,ok,,ok,2498861,ok,2489844,ok,2479350,ok,2471620,ok,2462448,ok,2453167,ok,2442685,ok
NR,TOTAL,T,PL,,ok,,ok,,ok,,ok,,ok,1253041,ok,1247951,ok,1241895,ok,1237518,ok,1232016,ok,1226243,ok,1218743,ok
NR,TOTAL,T,PL,,ok,,ok,,ok,,ok,,ok,2134413,ok,2126310,ok,2118528,ok,2112787,ok,2105442,ok,2097294,ok,2088292,ok
NR,TOTAL,T,PL,,ok,,ok,,ok,,ok,,ok,2083546,ok,2084264,ok,2083496,ok,2084722,ok,2085877,ok,2086135,ok,2084447,ok
NR,TOTAL,T,PL,,ok,,ok,,ok,,ok,,ok,1165447,ok,1162369,ok,1158945,ok,1156947,ok,1154856,ok,1152074,ok,1149389,ok
NR,TOTAL,T,PL,,ok,,ok,,ok,,ok,,ok,2937140,ok,2960058,ok,2979942,ok,3002278,ok,3025034,ok,3053104,ok,3082399,ok
NR,TOTAL,T,PL,,ok,,ok,,ok,,ok,,ok,2355427,ok,2349720,ok,2343325,ok,2339206,ok,2334793,ok,2327207,ok,2319035,ok
NR,TOTAL,T,PT,3712554,ok,3705980,ok,3693585,b,3687224,ok,3666234,ok,3644195,ok,3621785,e,3603778,e,3584575,ok,3576205,ok,3572583,ok,3575338,ok
NR,TOTAL,T,PT,440088,ok,445824,ok,451304,b,446140,ok,444390,ok,442358,ok,441468,e,441929,e,441469,ok,439617,ok,438864,ok,438406,ok
NR,TOTAL,T,PT,2341807,ok,2337787,ok,2331642,b,2316169,ok,2298938,ok,2281164,ok,2263992,e,2256364,e,2243934,ok,2231346,ok,2216569,ok,2217285,ok
NR,TOTAL,T,PT,2792105,ok,2808205,ok,2822761,b,2827050,ok,2818388,ok,2807525,ok,2809168,e,2812678,e,2821349,ok,2833679,ok,2846332,ok,2863272,ok
NR,TOTAL,T,PT,764652,ok,762068,ok,758707,b,754385,ok,748699,ok,743306,ok,733370,e,724391,e,718087,ok,711950,ok,705478,ok,704558,ok
NR,TOTAL,T,PT,246670,ok,246900,ok,246757,b,247194,ok,247549,ok,247440,ok,246353,e,245766,e,245283,ok,243862,ok,242846,ok,242796,ok
NR,TOTAL,T,PT,265138,ok,266715,ok,267965,b,264236,ok,263091,ok,261313,ok,258686,e,256424,e,254876,ok,254368,ok,253945,ok,254254,ok
NR,TOTAL,T,RO,2721468,ok,2719719,ok,2717532,ok,2598877,b,2594823,ok,2590220,ok,2585543,ok,2576567,ok,2568282,ok,2560504,ok,2552112,ok,2547429,e
NR,TOTAL,T,RO,2526062,ok,2524418,ok,2522692,ok,2360578,b,2359405,ok,2355312,ok,2350147,ok,2341964,ok,2332785,ok,2325371,ok,2318272,ok,2314826,e
NR,TOTAL,T,RO,3717621,ok,3712396,ok,3703283,ok,3294204,b,3278798,ok,3273367,ok,3269598,ok,3256734,ok,3239540,ok,3222732,ok,3198564,ok,3184215,e
NR,TOTAL,T,RO,2818346,ok,2811218,ok,2802532,ok,2538949,b,2523354,ok,2509094,ok,2492352,ok,2469868,ok,2447270,ok,2423059,ok,2396171,ok,2377101,e
NR,TOTAL,T,RO,3279786,ok,3267270,ok,3253712,ok,3128799,b,3108150,ok,3085095,ok,3061286,ok,3031555,ok,3003394,ok,2965415,ok,2929832,ok,2901376,e
NR,TOTAL,T,RO,2253093,ok,2261698,ok,2267419,ok,2279145,b,2282244,ok,2282968,ok,2284200,ok,2288203,ok,2287208,ok,2302291,ok,2315173,ok,2322002,e
NR,TOTAL,T,RO,2257752,ok,2246033,ok,2232814,ok,2067357,b,2048702,ok,2033360,ok,2015766,ok,1993482,ok,1972979,ok,1949813,ok,1926860,ok,1910409,e
NR,TOTAL,T,RO,1924488,ok,1919434,ok,1913831,ok,1828087,b,1824598,ok,1817895,ok,1811755,ok,1802212,ok,1792491,ok,1784296,ok,1777474,ok,1771480,e
NR,TOTAL,T,RS,,ok,,ok,,ok,,ok,,ok,,ok,,ok,,ok,1685797,ok,1688466,ok,1691919,ok,1696192,ok
NR,TOTAL,T,RS,,ok,,ok,,ok,,ok,,ok,,ok,,ok,,ok,1876215,ok,1866815,ok,1856911,ok,1847274,ok
NR,TOTAL,T,RS,,ok,,ok,,ok,,ok,,ok,,ok,,ok,,ok,1949486,ok,1932780,ok,1916855,ok,1900429,ok
NR,TOTAL,T,RS,,ok,,ok,,ok,,ok,,ok,,ok,,ok,,ok,1528774,ok,1513383,ok,1498079,ok,1482810,ok
NR,TOTAL,T,SE,1981263,ok,2019182,ok,2054343,ok,2091473,ok,2127006,ok,2163042,ok,2198044,ok,2231439,ok,2269060,ok,2308143,ok,2344124,ok,2377081,ok
NR,TOTAL,T,SE,1545587,ok,1558292,ok,1569248,ok,1578097,ok,1589821,ok,1605347,ok,1621566,ok,1638825,ok,1664145,ok,1687810,ok,1708813,ok,1727398,ok
NR,TOTAL,T,SE,807871,ok,810066,ok,811611,ok,812948,ok,815792,ok,819426,ok,826243,ok,834276,ok,847667,ok,856887,ok,864630,ok,870200,ok
NR,TOTAL,T,SE,1367017,ok,1383653,ok,1396556,ok,1405912,ok,1415403,ok,1426826,ok,1443065,ok,1459880,ok,1483018,ok,1504060,ok,1521848,ok,1537433,ok
NR,TOTAL,T,SE,1851702,ok,1866283,ok,1879781,ok,1892328,ok,1904563,ok,1921924,ok,1942677,ok,1963466,ok,1992116,ok,2015607,ok,2039166,ok,2059729,ok
NR,TOTAL,T,SE,825149,ok,825931,ok,826820,ok,825431,ok,826272,ok,829134,ok,833585,ok,838747,ok,848451,ok,852201,ok,855220,ok,857762,ok
NR,TOTAL,T,SE,370269,ok,369708,ok,369316,ok,368454,ok,368182,ok,368617,ok,369826,ok,371273,ok,374245,ok,375774,ok,375733,ok,376157,ok
NR,TOTAL,T,SE,507489,ok,507567,ok,507895,ok,508212,ok,508854,ok,510548,ok,512349,ok,513111,ok,516451,ok,519760,ok,520651,ok,521829,ok
NR,TOTAL,T,SI,1095836,ok,1099674,ok,1098506,ok,1099196,ok,1097198,ok,1094709,ok,1093545,ok,1092193,ok,1091159,ok,1089717,ok,1094435,ok,1100012,ok
NR,TOTAL,T,SI,936526,ok,947302,ok,951683,ok,956300,ok,961623,ok,966376,ok,969329,ok,971995,ok,974736,ok,977163,ok,986473,ok,995849,ok
NR,TOTAL,T,SK,594966,ok,597999,ok,599931,ok,606537,ok,612682,ok,618380,ok,625167,ok,633288,ok,641892,ok,650838,ok,659598,ok,669592,ok
NR,TOTAL,T,SK,1845563,ok,1842763,ok,1838786,ok,1839259,ok,1838136,ok,1836664,ok,1834832,ok,1832159,ok,1830751,ok,1828428,ok,1826145,ok,1823792,ok
NR,TOTAL,T,SK,1349903,ok,1350286,ok,1349286,ok,1349729,ok,1348611,ok,1347233,ok,1345808,ok,1343458,ok,1342287,ok,1340811,ok,1339242,ok,1336785,ok
NR,TOTAL,T,SK,1591969,ok,1599362,ok,1604443,ok,1608797,ok,1611407,ok,1613672,ok,1615542,ok,1617347,ok,1620413,ok,1623043,ok,1625436,ok,1627704,ok
NR,TOTAL,T,TR,12697164,ok,12915158,ok,13255685,ok,13624240,ok,13854740,ok,14160467,ok,14377018,ok,14657434,ok,14804116,ok,15029231,ok,15067724,ok,15519267,ok
NR,TOTAL,T,TR,1502358,ok,1511952,ok,1521328,ok,1569388,ok,1593247,ok,1613616,ok,1650735,ok,1687420,ok,1726260,ok,1768368,ok,1802315,ok,1831151,ok
NR,TOTAL,T,TR,1605067,ok,1617820,ok,1642720,ok,1640759,ok,1654422,ok,1665089,ok,1700847,ok,1700029,ok,1715969,ok,1735241,ok,1767237,ok,1770777,ok
NR,TOTAL,T,TR,3795978,ok,3868308,ok,3948848,ok,3965232,ok,4005459,ok,4061074,ok,4113072,ok,4168415,ok,4223545,ok,4279677,ok,4320519,ok,4367251,ok
NR,TOTAL,T,TR,2674760,ok,2707898,ok,2739188,ok,2779765,ok,2808243,ok,2851086,ok,2915188,ok,2955825,ok,2997720,ok,3038325,ok,3093015,ok,3131322,ok
NR,TOTAL,T,TR,2914110,ok,2940947,ok,3005558,ok,2942695,ok,2965800,ok,2985153,ok,2995289,ok,3013892,ok,3043846,ok,3065961,ok,3100666,ok,3119860,ok
NR,TOTAL,T,TR,3442871,ok,3508133,ok,3595460,ok,3637222,ok,3682037,ok,3749582,ok,3809784,ok,3881624,ok,3964535,ok,4019116,ok,4089156,ok,4163022,ok
NR,TOTAL,T,TR,3136555,ok,3193210,ok,3246147,ok,3315463,ok,3376330,ok,3448702,ok,3522353,ok,3617728,ok,3719652,ok,3805481,ok,3878979,ok,3961953,ok
NR,TOTAL,T,TR,4548939,ok,4650802,ok,4771716,ok,4890893,ok,4965542,ok,5045083,ok,5150072,ok,5270575,ok,5346518,ok,5445026,ok,5503985,ok,5639076,ok
NR,TOTAL,T,TR,2200013,ok,2224547,ok,2246478,ok,2272560,ok,2287705,ok,2317164,ok,2349170,ok,2372740,ok,2406913,ok,2426821,ok,2457522,ok,2485653,ok
NR,TOTAL,T,TR,2514175,ok,2592075,ok,2685499,ok,2705254,ok,2763541,ok,2833306,ok,2898240,ok,2968561,ok,3017280,ok,3063005,ok,3137694,ok,3227410,ok
NR,TOTAL,T,TR,3629227,ok,3703114,ok,3733124,ok,3776744,ok,3808483,ok,3855034,ok,3892850,ok,3928388,ok,3975522,ok,4010406,ok,4034593,ok,4078365,ok
NR,TOTAL,T,TR,2907289,ok,2957713,ok,3004608,ok,3013790,ok,3038983,ok,3077753,ok,3115681,ok,3142990,ok,3189974,ok,3230573,ok,3289122,ok,3321755,ok
NR,TOTAL,T,TR,1492804,ok,1504789,ok,1496296,ok,1495630,ok,1501311,ok,1510080,ok,1508199,ok,1515228,ok,1546995,ok,1560774,ok,1603688,ok,1608193,ok
NR,TOTAL,T,TR,2299704,ok,2326584,ok,2352971,ok,2348101,ok,2351714,ok,2363390,ok,2378052,ok,2379113,ok,2401245,ok,2416673,ok,2461269,ok,2467565,ok
NR,TOTAL,T,TR,1020767,ok,1026825,ok,1035071,ok,1019425,ok,1020108,ok,1020957,ok,1019534,ok,1023593,ok,1032260,ok,1034922,ok,1046711,ok,1042760,ok
NR,TOTAL,T,TR,737308,ok,745976,ok,743029,ok,739997,ok,745525,ok,763570,ok,756983,ok,757711,ok,766303,ok,765874,ok,819468,ok,793437,ok
NR,TOTAL,T,TR,2719954,ok,2739487,ok,2740686,ok,2717685,ok,2717970,ok,2714575,ok,2717042,ok,2721221,ok,2752803,ok,2773386,ok,2822353,ok,2829953,ok
NR,TOTAL,T,TR,2507387,ok,2526619,ok,2516167,ok,2513021,ok,2545274,ok,2553647,ok,2566840,ok,2572850,ok,2645584,ok,2633417,ok,2719113,ok,2690180,ok
NR,TOTAL,T,TR,1061287,ok,1062205,ok,1068446,ok,1072848,ok,1071878,ok,1062345,ok,1067560,ok,1063789,ok,1078207,ok,1072404,ok,1086156,ok,1081652,ok
NR,TOTAL,T,TR,1140575,ok,1135856,ok,1133660,ok,1157546,ok,1154277,ok,1145257,ok,1138766,ok,1131570,ok,1123161,ok,1115810,ok,1124898,ok,1118370,ok
NR,TOTAL,T,TR,1623891,ok,1626357,ok,1625158,ok,1663811,ok,1673852,ok,1681719,ok,1690843,ok,1700468,ok,1711847,ok,1726199,ok,1762077,ok,1755735,ok
NR,TOTAL,T,TR,1994165,ok,2012044,ok,2022373,ok,2046027,ok,2082470,ok,2092863,ok,2111068,ok,2124349,ok,2115729,ok,2128670,ok,2167642,ok,2174672,ok
NR,TOTAL,T,TR,2318281,ok,2364249,ok,2414833,ok,2471979,ok,2519139,ok,2570208,ok,2616082,ok,2665265,ok,2715553,ok,2756910,ok,2795617,ok,2838319,ok
NR,TOTAL,T,TR,3067052,ok,3128748,ok,3192329,ok,3287197,ok,3354242,ok,3409417,ok,3480715,ok,3546516,ok,3613746,ok,3685654,ok,3768205,ok,3829967,ok
NR,TOTAL,T,TR,1965419,ok,1969896,ok,1985610,ok,2056997,ok,2085092,ok,2116727,ok,2153921,ok,2173759,ok,2179588,ok,2222601,ok,2284158,ok,2307332,ok
NR,TOTAL,T,UK,1165178,ok,1168781,ok,1173646,ok,1177121,ok,1179963,ok,1183175,ok,1186123,ok,1190177,ok,1194437,ok,1197992,ok,1201543,ok,,ok
NR,TOTAL,T,UK,1407170,ok,1412315,ok,1417980,ok,1422315,ok,1426640,ok,1431607,ok,1435643,ok,1440477,ok,1446249,ok,1450223,ok,1455437,ok,,ok
NR,TOTAL,T,UK,500823,ok,500458,ok,499952,ok,499524,ok,498860,ok,498463,ok,498545,ok,498745,ok,498641,ok,498216,ok,498083,ok,,ok
NR,TOTAL,T,UK,2630100,ok,2651011,ok,2673791,ok,2693358,ok,2707445,ok,2721819,ok,2741974,ok,2767348,ok,2789735,ok,2808080,ok,2822003,ok,,ok
NR,TOTAL,T,UK,1452056,ok,1455120,ok,1459318,ok,1463274,ok,1466592,ok,1469371,ok,1473818,ok,1480296,ok,1487102,ok,1490434,ok,1495318,ok,,ok
NR,TOTAL,T,UK,895916,ok,898513,ok,901375,ok,904677,ok,907796,ok,911368,ok,915471,ok,919711,ok,924261,ok,927799,ok,931347,ok,,ok
NR,TOTAL,T,UK,1493563,ok,1498042,ok,1503567,ok,1509368,ok,1513266,ok,1517171,ok,1524173,ok,1533376,ok,1541473,ok,1547607,ok,1553324,ok,,ok
NR,TOTAL,T,UK,912723,ok,914144,ok,916612,ok,919564,ok,921510,ok,922928,ok,924558,ok,926818,ok,929189,ok,931065,ok,932645,ok,,ok
NR,TOTAL,T,UK,787264,ok,791442,ok,796538,ok,801039,ok,804925,ok,807558,ok,810048,ok,814066,ok,818141,ok,820874,ok,824054,ok,,ok
NR,TOTAL,T,UK,1319708,ok,1328405,ok,1338373,ok,1348096,ok,1355465,ok,1362340,ok,1370817,ok,1380458,ok,1389426,ok,1397266,ok,1404971,ok,,ok
NR,TOTAL,T,UK,2191368,ok,2205139,ok,2220015,ok,2233863,ok,2245499,ok,2256217,ok,2269744,ok,2286357,ok,2301000,ok,2313390,ok,2324560,ok,,ok
NR,TOTAL,T,UK,2076533,ok,2090780,ok,2104311,ok,2116662,ok,2129007,ok,2141903,ok,2155431,ok,2170611,ok,2187643,ok,2199851,ok,2210381,ok,,ok
NR,TOTAL,T,UK,1676611,ok,1689857,ok,1704627,ok,1719017,ok,1732295,ok,1747794,ok,1767307,ok,1789613,ok,1812852,ok,1828762,ok,1843764,ok,,ok
NR,TOTAL,T,UK,703231,ok,708733,ok,713322,ok,716973,ok,721847,ok,728205,ok,734643,ok,741087,ok,747996,ok,752671,ok,756920,ok,,ok
NR,TOTAL,T,UK,1284388,ok,1288952,ok,1293901,ok,1299764,ok,1305682,ok,1312357,ok,1319504,ok,1327386,ok,1338055,ok,1344393,ok,1352539,ok,,ok
NR,TOTAL,T,UK,1551138,ok,1558437,ok,1567473,ok,1575136,ok,1581454,ok,1588088,ok,1594600,ok,1603003,ok,1613788,ok,1619877,ok,1626956,ok,,ok
NR,TOTAL,T,UK,2676535,ok,2699492,ok,2725810,ok,2750805,ok,2771841,ok,2793881,ok,2820216,ok,2852553,ok,2883905,ok,2908821,ok,2928377,ok,,ok
NR,TOTAL,T,UK,2341273,ok,2361712,ok,2385006,ok,2403234,ok,2416785,ok,2434456,ok,2456564,ok,2475882,ok,2493326,ok,2509078,ok,2521676,ok,,ok
NR,TOTAL,T,UK,1688942,ok,1706697,ok,1726575,ok,1745325,ok,1763546,ok,1784776,ok,1806939,ok,1827766,ok,1841673,ok,1859787,ok,1871847,ok,,ok
NR,TOTAL,T,UK,1699785,ok,1711120,ok,1723421,ok,1735578,ok,1748546,ok,1765271,ok,1782982,ok,1798750,ok,1813609,ok,1828948,ok,1841887,ok,,ok
NR,TOTAL,T,UK,1074595,ok,1081014,ok,1089392,ok,1099576,ok,1108567,ok,1120811,ok,1138443,ok,1153642,ok,1163136,ok,1173602,ok,1190513,ok,,ok
NR,TOTAL,T,UK,2032253,ok,2076113,ok,2121080,ok,2165178,ok,2205293,ok,2248524,ok,2294960,ok,2337518,ok,2367065,ok,2402934,ok,2430890,ok,,ok
NR,TOTAL,T,UK,1689986,ok,1720016,ok,1752126,ok,1778692,ok,1800748,ok,1826033,ok,1853173,ok,1880090,ok,1899556,ok,1924106,ok,1940638,ok,,ok
NR,TOTAL,T,UK,1197733,ok,1208538,ok,1220637,ok,1234689,ok,1249370,ok,1263221,ok,1276233,ok,1288011,ok,1295666,ok,1308866,ok,1316772,ok,,ok
NR,TOTAL,T,UK,1883357,ok,1916940,ok,1950290,ok,1978433,ok,1999117,ok,2019780,ok,2040301,ok,2058984,ok,2071842,ok,2090315,ok,2103443,ok,,ok
NR,TOTAL,T,UK,2221257,ok,2242650,ok,2264895,ok,2284847,ok,2304318,ok,2325301,ok,2347205,ok,2368548,ok,2385514,ok,2402507,ok,2417428,ok,,ok
NR,TOTAL,T,UK,2686149,ok,2709001,ok,2733391,ok,2755648,ok,2778314,ok,2802800,ok,2827820,ok,2852269,ok,2871387,ok,2892767,ok,2909838,ok,,ok
NR,TOTAL,T,UK,1862903,ok,1877812,ok,1894162,ok,1908507,ok,1920223,ok,1932133,ok,1946199,ok,1961230,ok,1973952,ok,1985074,ok,1993050,ok,,ok
NR,TOTAL,T,UK,1688611,ok,1705146,ok,1723082,ok,1739802,ok,1756070,ok,1773140,ok,1790347,ok,1807834,ok,1824794,ok,1840563,ok,1854717,ok,,ok
NR,TOTAL,T,UK,2307856,ok,2324183,ok,2342716,ok,2362209,ok,2382428,ok,2404752,ok,2429519,ok,2453872,ok,2474784,ok,2496022,ok,2516568,ok,,ok
NR,TOTAL,T,UK,1255012,ok,1261896,ok,1271821,ok,1280933,ok,1288448,ok,1295993,ok,1304470,ok,1313859,ok,1322286,ok,1329868,ok,1336003,ok,,ok
NR,TOTAL,T,UK,527976,ok,530325,ok,534024,ok,538254,ok,542252,ok,546137,ok,550437,ok,555014,ok,560526,ok,564588,ok,568612,ok,,ok
NR,TOTAL,T,UK,1125102,ok,1127629,ok,1132530,ok,1138922,ok,1145447,ok,1153568,ok,1162981,ok,1171558,ok,1180517,ok,1187825,ok,1195198,ok,,ok
NR,TOTAL,T,UK,1919910,ok,1924712,ok,1930295,ok,1936308,ok,1940620,ok,1944635,ok,1948946,ok,1954376,ok,1960764,ok,1963646,ok,1968383,ok,,ok
NR,TOTAL,T,UK,1112230,ok,1119494,ok,1126355,ok,1132607,ok,1137738,ok,1142724,ok,1146757,ok,1151846,ok,1158491,ok,1162876,ok,1168000,ok,,ok
NR,TOTAL,T,UK,463461,ok,468596,ok,473634,ok,478294,ok,482660,ok,487150,ok,490875,ok,492173,ok,491323,ok,494624,ok,495365,ok,,ok
NR,TOTAL,T,UK,460799,ok,463388,ok,465794,ok,466605,ok,466737,ok,467326,ok,467889,ok,468903,ok,469420,ok,470743,ok,470990,ok,,ok
NR,TOTAL,T,UK,,ok,,ok,,ok,1915517,ok,1924614,ok,1933992,ok,1946564,ok,1961928,ok,1976392,ok,1988307,ok,1998699,ok,,ok
NR,TOTAL,T,UK,,ok,,ok,,ok,1499887,ok,1500987,ok,1504303,ok,1510438,ok,1520628,ok,1531216,ok,1536415,ok,1541998,ok,,ok
NR,TOTAL,T,UK,,ok,,ok,,ok,946492,ok,945666,ok,944842,ok,944507,ok,945233,ok,946372,ok,946837,ok,947186,ok,,ok
NR,TOTAL,T,UK,1786187,ok,1799019,ok,1809539,ok,1818995,ok,1826761,ok,1835290,ok,1846229,ok,1857048,ok,1866638,ok,1875957,ok,,ok,,ok
